生詞,冊,課-序號
陳月美,1,1-1
李明華,1,1-1
王開文,1,1-1
你,1,1-1
來,1,1-1
是,1,1-1
小姐,1,1-1
嗎,1,1-1
接,1,1-1
我們,1,1-1
我,1,1-1
這,1,1-1
先生,1,1-1
好,1,1-1
姓,1,1-1
叫,1,1-1
你們,1,1-1
臺灣,1,1-1
台灣,1,1-1
歡迎,1,1-1
請問,1,1-1
是的,1,1-1
謝謝,1,1-1
不客氣,1,1-1
你好,1,1-1
請,1,1-2
喝,1,1-2
茶,1,1-2
很,1,1-2
好喝,1,1-2
什麼,1,1-2
人,1,1-2
喜歡,1,1-2
呢,1,1-2
他,1,1-2
不,1,1-2
哪,1,1-2
要,1,1-2
咖啡,1,1-2
烏龍茶,1,1-2
日本,1,1-2
美國,1,1-2
對不起,1,1-2
哪國,1,1-2
張怡君,1,2-1
馬安同,1,2-1
的,1,2-1
家人,1,2-1
家,1,2-1
漂亮,1,2-1
房子,1,2-1
坐,1,2-1
好,1,2-1
有,1,2-1
多,1,2-1
照片,1,2-1
都,1,2-1
照相,1,2-1
張,1,2-1
好看,1,2-1
誰,1,2-1
姐姐 ,1,2-1
妹妹,1,2-1
爸爸,1,2-1
媽媽,1,2-1
請進,1,2-1
田中誠一,1,2-2
伯母,1,2-2
您,1,2-2
名字,1,2-2
書,1,2-2
哥哥,1,2-2
老師,1,2-2
看書,1,2-2
幾,1,2-2
個,1,2-2
沒,1,2-2
兄弟,1,2-2
姐妹,1,2-2
五,1,2-2
兩,1,2-2
週末,1,3-1
聽,1,3-1
音樂,1,3-1
運動,1,3-1
打,1,3-1
網球,1,3-1
棒球,1,3-1
和,1,3-1
游泳,1,3-1
常,1,3-1
籃球,1,3-1
也,1,3-1
踢,1,3-1
足球,1,3-1
覺得,1,3-1
好玩,1,3-1
明天,1,3-1
早上,1,3-1
去,1,3-1
怎麼樣,1,3-1
啊,1,3-1
做什麼,1,3-1
好啊,1,3-1
白如玉,1,3-2
今天,1,3-2
晚上,1,3-2
看,1,3-2
電影,1,3-2
妳,1,3-2
想,1,3-2
還是,1,3-2
吧,1,3-2
可以,1,3-2
學,1,3-2
中文,1,3-2
一起,1,3-2
吃,1,3-2
晚飯,1,3-2
菜,1,3-2
越南,1,3-2
好不好,1,3-2
一共,1,4-1
多少,1,4-1
錢,1,4-1
老闆,1,4-1
買,1,4-1
杯,1,4-1
熱,1,4-1
包子,1,4-1
要,1,4-1
大,1,4-1
中,1,4-1
小,1,4-1
幫,1,4-1
微波,1,4-1
百,1,4-1
塊,1,4-1
好的,1,4-1
外帶,1,4-1
內用,1,4-1
支,1,4-2
新,1,4-2
手機,1,4-2
太,1,4-2
舊,1,4-2
了,1,4-2
種,1,4-2
能,1,4-2
上網,1,4-2
那,1,4-2
貴,1,4-2
賣,1,4-2
便宜,1,4-2
要,1,4-2
萬,1,4-2
千,1,4-2
為什麼,1,4-2
牛肉,1,5-1
麵,1,5-1
真,1,5-1
好吃,1,5-1
說,1,5-1
少,1,5-1
有名,1,5-1
小吃,1,5-1
最,1,5-1
湯,1,5-1
這麼,1,5-1
知道,1,5-1
家,1,5-1
店,1,5-1
一定,1,5-1
點,1,5-1
碗,1,5-1
是 啊,1,5-1
,1,5-1
臭豆腐,1,5-1
太好了,1,5-1
昨天,1,5-2
餐廳,1,5-2
可是,1,5-2
辣,1,5-2
怕,1,5-2
所以,1,5-2
自己,1,5-2
做飯,1,5-2
得,1,5-2
會,1,5-2
甜點,1,5-2
不錯,1,5-2
可以,1,5-2
教,1,5-2
到,1,5-2
有一點,1,5-2
不好,1,5-2
他們,1,6-1
學校,1,6-1
在,1,6-1
山上,1,6-1
哪裡,1,6-1
遠,1,6-1
那裡,1,6-1
風景,1,6-1
美,1,6-1
前面,1,6-1
海,1,6-1
後面,1,6-1
山,1,6-1
真的,1,6-1
地方,1,6-1
現在,1,6-1
附近,1,6-1
樓下,1,6-1
找,1,6-1
朋友,1,6-1
上課,1,6-1
花蓮,1,6-1
聽說,1,6-1
近,1,6-2
方便,1,6-2
這裡,1,6-2
學生,1,6-2
在,1,6-2
東西,1,6-2
外面,1,6-2
裡面,1,6-2
商店,1,6-2
吃飯,1,6-2
宿舍,1,6-2
樓,1,6-2
棟,1,6-2
大樓,1,6-2
圖書館,1,6-2
旁邊,1,6-2
教室,1,6-2
游泳池,1,6-2
點,1,7-1
KTV,1,7-1
唱歌,1,7-1
分,1,7-1
見面,1,7-1
從,1,7-1
中午,1,7-1
得,1,7-1
銀行,1,7-1
時候,1,7-1
後天,1,7-1
大安,1,7-1
下次,1,7-1
沒問題,1,7-1
對了,1,7-1
有空,1,7-1
再見,1,7-1
在,1,7-2
午餐,1,7-2
剛,1,7-2
下課,1,7-2
下午,1,7-2
半,1,7-2
比賽,1,7-2
結束,1,7-2
最近,1,7-2
忙,1,7-2
每,1,7-2
天,1,7-2
書法,1,7-2
課,1,7-2
開始,1,7-2
字,1,7-2
寫,1,7-2
可以,1,7-2
問,1,7-2
等一下,1,7-2
有事,1,7-2
有意思,1,7-2
坐,1,8-1
火車,1,8-1
跟,1,8-1
玩,1,8-1
怎麼,1,8-1
慢,1,8-1
鐘頭,1,8-1
比較,1,8-1
快,1,8-1
車票,1,8-1
非常,1,8-1
但是,1,8-1
又,1,8-1
舒服,1,8-1
站,1,8-1
或是,1,8-1
臺南,1,8-1
高鐵,1,8-1
網路上,1,8-1
便利商店,1,8-1
同學,1,8-2
參觀,1,8-2
古代,1,8-2
騎,1,8-2
機車,1,8-2
載,1,8-2
捷運,1,8-2
比,1,8-2
故宮博物院（故宮）,1,8-2
中國,1,8-2
公共汽車,1,8-2
公車,1,8-2
不行,1,8-2
計程車,1,8-2
差不多,1,8-2
星期,1,9-1
回國,1,9-1
打算,1,9-1
電視,1,9-1
影片,1,9-1
旅行,1,9-1
功課,1,9-1
出去,1,9-1
大概,1,9-1
放假,1,9-1
下個星期,1,9-1
有時候,1,9-1
多久,1,9-1
臺東,1,9-1
女,1,9-2
月,1,9-2
號,1,9-2
帶,1,9-2
她,1,9-2
還,1,9-2
建議,1,9-2
夜市,1,9-2
應該,1,9-2
逛,1,9-2
特別,1,9-2
茶館,1,9-2
決定,1,9-2
要是,1,9-2
就,1,9-2
貓空,1,9-2
水果,1,10-1
黃色,1,10-1
芒果,1,10-1
給,1,10-1
塊,1,10-1
香,1,10-1
甜,1,10-1
紅色,1,10-1
西瓜,1,10-1
吧,1,10-1
對,1,10-1
以前,1,10-1
機會,1,10-1
請,1,10-1
吃吃看,1,10-1
拍,1,10-2
笑,1,10-2
開心,1,10-2
穿,1,10-2
衣服,1,10-2
旅館,1,10-2
太太,1,10-2
男,1,10-2
矮,1,10-2
高,1,10-2
弟弟,1,10-2
乾淨,1,10-2
窗戶,1,10-2
往,1,10-2
藍色,1,10-2
因為,1,10-2
住,1,10-2
上個月,1,10-2
這些,1,10-2
租,1,11-1
房東,1,11-1
客廳,1,11-1
廚房,1,11-1
左邊,1,11-1
右邊,1,11-1
浴室,1,11-1
超市,1,11-1
走路,1,11-1
分鐘,1,11-1
就,1,11-1
到,1,11-1
間,1,11-1
空,1,11-1
房間,1,11-1
套房,1,11-1
回去,1,11-1
想,1,11-1
再,1,11-1
電話,1,11-1
給,1,11-1
林,1,11-1
打電話,1,11-1
喂,1,11-2
房租,1,11-2
已經,1,11-2
習慣,1,11-2
問題,1,11-2
熱水器,1,11-2
好像,1,11-2
會,1,11-2
等,1,11-2
那,1,11-2
裝,1,11-2
不過,1,11-2
付,1,11-2
收到,1,11-2
不好意思,1,11-2
沒關係,1,11-2
有線電視,1,11-2
計畫,1,12-1
年,1,12-1
久,1,12-1
時間,1,12-1
先,1,12-1
念,1,12-1
大學,1,12-1
需要,1,12-1
花,1,12-1
獎學金,1,12-1
成績,1,12-1
學費,1,12-1
公司,1,12-1
替,1,12-1
希望,1,12-1
以後,1,12-1
到,1,12-1
上班,1,12-1
念書,1,12-1
累,1,12-1
語言中心,1,12-1
加油,1,12-1
工作,1,12-2
去年,1,12-2
做 ,1,12-2
生意,1,12-2
以後,1,12-2
好,1,12-2
找,1,12-2
工作,1,12-2
這樣,1,12-2
國家,1,12-2
試,1,12-2
難,1,12-2
那麼,1,12-2
再,1,12-2
試試看,1,12-2
生日,1,13-1
快樂,1,13-1
回來,1,13-1
啊,1,13-1
怎麼,1,13-1
忘,1,13-1
記得,1,13-1
當然,1,13-1
語言,1,13-1
交換,1,13-1
那麼,1,13-1
熱心,1,13-1
西班牙文,1,13-1
一樣,1,13-1
過,1,13-1
左右,1,13-1
門口,1,13-1
西班牙,1,13-1
生日快樂,1,13-1
我就是,1,13-1
好久不見,1,13-1
不必客氣,1,13-1
太客氣,1,13-1
禮物,1,13-2
今年,1,13-2
訂,1,13-2
了,1,13-2
豬腳,1,13-2
麵線,1,13-2
蛋,1,13-2
一點,1,13-2
傳統,1,13-2
年輕,1,13-2
蛋糕,1,13-2
對,1,13-2
祝,1,13-2
哪裡，哪裡,1,13-2
大部分,1,13-2
萬事如意,1,13-2
心想事成,1,13-2
天氣,1,14-1
冷,1,14-1
風,1,14-1
滑雪,1,14-1
春天,1,14-1
想,1,14-1
新年,1,14-1
快,1,14-1
父母,1,14-1
冬天,1,14-1
明年,1,14-1
秋天,1,14-1
紅葉,1,14-1
只,1,14-1
玉山,1,14-1
紐約,1,14-1
下雪,1,14-1
十二月底,1,14-1
雨,1,14-2
傘,1,14-2
颱風,1,14-2
要,1,14-2
夏天,1,14-2
濕,1,14-2
討厭,1,14-2
新聞,1,14-2
更,1,14-2
大家,1,14-2
小心,1,14-2
可怕,1,14-2
停,1,14-2
下雨,1,14-2
這次,1,14-2
上次,1,14-2
慢走,1,14-2
醫生,1,15-1
一直,1,15-1
流,1,15-1
鼻水,1,15-1
頭,1,15-1
痛,1,15-1
胃口,1,15-1
差,1,15-1
喉嚨,1,15-1
發炎,1,15-1
生病,1,15-1
發燒,1,15-1
感冒,1,15-1
藥,1,15-1
藥局,1,15-1
拿,1,15-1
把,1,15-1
水,1,15-1
休息,1,15-1
睡覺,1,15-1
早一點,1,15-1
臉色,1,15-2
難看,1,15-2
肚子,1,15-2
吐,1,15-2
幾,1,15-2
次,1,15-2
陪,1,15-2
看病,1,15-2
健康,1,15-2
保險,1,15-2
跟,1,15-2
油,1,15-2
冰,1,15-2
別,1,15-2
關心,1,15-2
包,1,15-2
睡,1,15-2
小時,1,15-2
怎麼了,1,15-2
不用了,1,15-2
健康中心,1,15-2
回家,1,15-2
最好,1,15-2
走,2,1-1
路人,2,1-1
幫忙,2,1-1
迷路,2,1-1
下,2,1-1
路口,2,1-1
段,2,1-1
過,2,1-1
第,2,1-1
紅綠燈,2,1-1
告訴,2,1-1
提款機,2,1-1
超商,2,1-1
應該,2,1-1
郵局,2,1-1
提,2,1-1
那邊,2,1-1
師大（師範大學）,2,1-1
和平東路,2,1-1
往前,2,1-1
右轉,2,1-1
聽起來,2,1-1
看見,2,1-1
下載,2,1-2
地圖,2,1-2
好用,2,1-2
著,2,1-2
日用品,2,1-2
經過,2,1-2
巷子,2,1-2
餓,2,1-2
一邊,2,1-2
發現,2,1-2
離,2,1-2
背包,2,1-2
正好,2,1-2
最後,2,1-2
枝,2,1-2
筆,2,1-2
本,2,1-2
本子,2,1-2
左轉,2,1-2
師大路上,2,1-2
麵店,2,1-2
還是,2,2-1
早,2,2-1
約,2,2-1
對面,2,2-1
直接,2,2-1
不必,2,2-1
換,2,2-1
車站,2,2-1
麻煩,2,2-1
趕快,2,2-1
走,2,2-1
班次,2,2-1
禮拜,2,2-1
見,2,2-1
電腦展,2,2-1
世貿展覽館,2,2-1
展覽館,2,2-1
台北101,2,2-1
台北,2,2-1
2號線,2,2-1
別急,2,2-1
飛機,2,2-2
轉機,2,2-2
機場,2,2-2
巴士,2,2-2
市區,2,2-2
下,2,2-2
交通,2,2-2
便利,2,2-2
到處,2,2-2
路線,2,2-2
複雜,2,2-2
輕鬆,2,2-2
東部,2,2-2
海邊,2,2-2
島,2,2-2
搭,2,2-2
船,2,2-2
地,2,2-2
美美,2,2-2
法國,2,2-2
歐洲,2,2-2
悠遊卡,2,2-2
綠島,2,2-2
東南邊,2,2-2
好好地,2,2-2
進步,2,3-1
早,2,3-1
考試,2,3-1
準備,2,3-1
考,2,3-1
聽寫,2,3-1
容易,2,3-1
小學,2,3-1
漢字,2,3-1
高中,2,3-1
過,2,3-1
才,2,3-1
說話,2,3-1
不夠,2,3-1
流利,2,3-1
雖然,2,3-1
環境,2,3-1
同意,2,3-1
報紙,2,3-1
麵包,2,3-1
演講,2,3-1
噢,2,3-1
活動中心,2,3-1
想起來,2,3-1
選,2,3-2
作業,2,3-2
練習,2,3-2
半夜,2,3-2
高興,2,3-2
平常,2,3-2
爬山,2,3-2
認識,2,3-2
聊天,2,3-2
文化,2,3-2
廣告,2,3-2
位,2,3-2
了解,2,3-2
生活,2,3-2
陽明山,2,3-2
外國人,2,3-2
一些,2,3-2
高美玲,2,4-1
打工,2,4-1
主任,2,4-1
介紹,2,4-1
歲,2,4-1
語言學,2,4-1
經驗,2,4-1
談,2,4-1
當,2,4-1
助教,2,4-1
上午,2,4-1
除了,2,4-1
年級,2,4-1
暑假,2,4-1
請教,2,4-1
貴,2,4-1
薪水,2,4-1
算,2,4-1
按照,2,4-1
教授,2,4-1
鐘點費,2,4-1
份,2,4-1
法文,2,4-1
亞洲,2,4-1
西班牙語,2,4-1
英文,2,4-1
三年級,2,4-1
法律,2,4-2
夠,2,4-2
履歷表,2,4-2
面談,2,4-2
華僑,2,4-2
辦公室,2,4-2
談話,2,4-2
情形,2,4-2
適合,2,4-2
說明,2,4-2
然後,2,4-2
月底,2,4-2
發,2,4-2
馬上,2,4-2
答應,2,4-2
順利,2,4-2
黃,2,4-2
沒想到,2,4-2
喜酒,2,5-1
恭喜,2,5-1
新娘,2,5-1
參加,2,5-1
婚禮,2,5-1
西裝,2,5-1
正式,2,5-1
客人,2,5-1
手,2,5-1
照相機,2,5-1
新郎,2,5-1
站,2,5-1
白,2,5-1
帥,2,5-1
禮服,2,5-1
座位,2,5-1
看起來,2,5-1
結婚,2,5-2
日子,2,5-2
親戚,2,5-2
熱鬧,2,5-2
慶祝,2,5-2
件,2,5-2
喜事,2,5-2
請客,2,5-2
紅包,2,5-2
送,2,5-2
新人,2,5-2
喜宴,2,5-2
敬酒,2,5-2
大人,2,5-2
小孩,2,5-2
不得了,2,5-2
另外,2,5-2
糖,2,5-2
離開,2,5-2
句,2,5-2
祝福,2,5-2
話,2,5-2
一會兒,2,5-2
有說有笑,2,5-2
有吃有喝,2,5-2
百年好合,2,5-2
早生貴子,2,5-2
李東健,2,6-1
搬,2,6-1
河邊,2,6-1
公園,2,6-1
腳踏車,2,6-1
正在,2,6-1
網站,2,6-1
資料,2,6-1
搬家,2,6-1
近,2,6-1
合約,2,6-1
到期,2,6-1
還好,2,6-1
光線,2,6-1
重要,2,6-1
如果,2,6-1
別的,2,6-1
合適,2,6-1
少,2,6-1
可惜,2,6-1
放,2,6-1
兩邊,2,6-1
願意,2,6-1
開,2,6-1
存,2,6-1
隨身碟,2,6-1
什麼樣,2,6-1
慢慢來,2,6-1
不急,2,6-1
相當,2,6-2
自行車,2,6-2
床,2,6-2
桌子,2,6-2
椅子,2,6-2
家具,2,6-2
而且,2,6-2
吵,2,6-2
生活費,2,6-2
低,2,6-2
留,2,6-2
長,2,6-2
討論,2,6-2
社團,2,6-2
活動,2,6-2
失望,2,6-2
放心,2,6-2
用,2,6-2
首爾,2,6-2
垃圾,2,7-1
倒,2,7-1
丟,2,7-1
收,2,7-1
以為,2,7-1
回收,2,7-1
規定,2,7-1
要不然,2,7-1
皮包,2,7-1
跑,2,7-1
追,2,7-1
有趣,2,7-1
不壞,2,7-1
天天,2,7-1
汽水罐,2,7-1
紙杯,2,7-1
放下,2,7-1
走出來,2,7-1
怎麼辦,2,7-1
聊,2,7-2
忽然,2,7-2
聲音,2,7-2
奇怪,2,7-2
袋子,2,7-2
輛,2,7-2
一定,2,7-2
地點,2,7-2
為了,2,7-2
保護,2,7-2
分類,2,7-2
利用,2,7-2
紙,2,7-2
瓶子,2,7-2
塑膠,2,7-2
資源,2,7-2
回收桶,2,7-2
城市,2,7-2
聽見,2,7-2
開過來,2,7-2
走過去,2,7-2
丟進去,2,7-2
路上,2,7-2
功夫,2,8-1
叫,2,8-1
見,2,8-1
推,2,8-1
體育館,2,8-1
太極拳,2,8-1
師父,2,8-1
天分,2,8-1
懂,2,8-1
起來,2,8-1
動作,2,8-1
輕,2,8-1
腿,2,8-1
了,2,8-1
下去,2,8-1
興趣,2,8-1
借,2,8-1
有天分,2,8-1
學會,2,8-1
起不來,2,8-1
走不了路,2,8-1
好處,2,8-2
抱怨,2,8-2
公尺,2,8-2
總是,2,8-2
完,2,8-2
體力,2,8-2
整天,2,8-2
精神,2,8-2
本來,2,8-2
可能,2,8-2
回,2,8-2
影響,2,8-2
身體,2,8-2
練,2,8-2
想起,2,8-2
春假,2,9-1
好,2,9-1
到,2,9-1
特色,2,9-1
夠,2,9-1
顏色,2,9-1
廟,2,9-1
像,2,9-1
教堂,2,9-1
南部,2,9-1
潛水,2,9-1
各,2,9-1
魚,2,9-1
酸,2,9-1
檸檬,2,9-1
味道,2,9-1
泰國,2,9-1
比起來,2,9-1
極了,2,9-1
忘不了,2,9-1
鄉下,2,9-2
氣氛,2,9-2
鎮,2,9-2
不同,2,9-2
現代,2,9-2
公寓,2,9-2
馬路,2,9-2
寬,2,9-2
汽車,2,9-2
建築,2,9-2
老,2,9-2
層,2,9-2
北部,2,9-2
熱情,2,9-2
擠,2,9-2
飲料,2,9-2
巴黎,2,9-2
高雄市,2,9-2
中南部,2,9-2
買得起,2,9-2
百貨公司,2,9-2
越來越,2,9-2
馬丁,2,10-1
包,2,10-1
餃子,2,10-1
脫,2,10-1
鞋,2,10-1
關,2,10-1
門,2,10-1
春捲,2,10-1
泡菜,2,10-1
飯廳,2,10-1
下,2,10-1
洗,2,10-1
做菜,2,10-1
水餃,2,10-1
煮,2,10-1
壞,2,10-1
破,2,10-1
餡兒,2,10-1
扁,2,10-1
材料,2,10-1
道,2,10-1
飽,2,10-1
光,2,10-1
鍋子,2,10-1
筷子,2,10-1
碗,2,10-1
韓國,2,10-1
看不出來,2,10-1
酸辣湯,2,10-1
學期,2,10-2
趁,2,10-2
皮,2,10-2
嚐,2,10-2
大白菜,2,10-2
加,2,10-2
鹽,2,10-2
拌,2,10-2
辣椒,2,10-2
調味料,2,10-2
裝,2,10-2
玻璃,2,10-2
壽司,2,10-2
像,2,10-2
食物,2,10-2
做起來,2,10-2
其他,2,11-1
假期,2,11-1
溫泉,2,11-1
建議,2,11-1
票,2,11-1
考慮,2,11-1
順便,2,11-1
湖,2,11-1
原住民,2,11-1
趟,2,11-1
後來,2,11-1
注意,2,11-1
沙灘,2,11-1
錢包,2,11-1
不見,2,11-1
被,2,11-1
偷,2,11-1
安全,2,11-1
值得,2,11-1
墾丁,2,11-1
台中,2,11-1
日月潭,2,11-1
水上活動,2,11-1
風景區,2,11-1
又,2,11-2
遍,2,11-2
民宿,2,11-2
運氣,2,11-2
摩托車,2,11-2
熱帶,2,11-2
植物,2,11-2
所有,2,11-2
白天,2,11-2
躺,2,11-2
黃昏,2,11-2
條,2,11-2
街,2,11-2
啤酒,2,11-2
上,2,11-2
又,2,11-2
浪漫,2,11-2
家鄉,2,11-2
觀光客,2,11-2
曬太陽,2,11-2
水上摩托車,2,11-2
愛上,2,11-2
新,2,12-1
開,2,12-1
素食,2,12-1
速食,2,12-1
錯,2,12-1
肉,2,12-1
欸,2,12-1
讓,2,12-1
吃素,2,12-1
漢堡,2,12-1
變,2,12-1
胖,2,12-1
素菜,2,12-1
油膩,2,12-1
樣,2,12-1
好奇,2,12-1
女孩,2,12-1
青菜,2,12-1
瘦,2,12-1
室友,2,12-1
豬肉,2,12-1
西方,2,12-1
完全,2,12-1
鹹,2,12-1
炸,2,12-1
烤,2,12-1
沙拉,2,12-1
麥當勞,2,12-1
速食店,2,12-1
只要,2,12-2
討厭,2,12-2
餐,2,12-2
宗教,2,12-2
關係,2,12-2
薯條,2,12-2
作法,2,12-2
越,2,12-2
簡單,2,12-2
蒸,2,12-2
有機,2,12-2
食品,2,12-2
地球,2,12-2
汙染,2,12-2
嚴重,2,12-2
衛生,2,12-2
營養,2,12-2
什麼的,2,12-2
林愛麗,2,13-1
掉,2,13-1
低頭,2,13-1
傳,2,13-1
過,2,13-1
簡訊,2,13-1
功能,2,13-1
生氣,2,13-1
叫,2,13-1
罵,2,13-1
健身房,2,13-1
啦,2,13-1
查,2,13-1
班機,2,13-1
訂位,2,13-1
電,2,13-1
充電,2,13-1
糊塗,2,13-1
喔,2,13-1
義大利,2,13-1
拿走,2,13-1
撿到,2,13-1
留下,2,13-1
網路,2,13-2
發生,2,13-2
事情,2,13-2
消息,2,13-2
透過,2,13-2
世界,2,13-2
節省,2,13-2
起床,2,13-2
檢查,2,13-2
郵件,2,13-2
立刻,2,13-2
上傳,2,13-2
正常,2,13-2
談,2,13-2
現代人,2,13-2
比方說,2,13-2
做到,2,13-2
第一手,2,13-2
急著,2,13-2
打招呼,2,13-2
面對面,2,13-2
將來,2,14-1
徵求,2,14-1
教師,2,14-1
認為,2,14-1
畢業,2,14-1
發展,2,14-1
連,2,14-1
想法,2,14-1
不但,2,14-1
繼續,2,14-1
使用,2,14-1
實現,2,14-1
招待,2,14-1
研究所,2,14-1
聚,2,14-1
香港,2,14-1
上海,2,14-1
說到,2,14-1
念完,2,14-1
分公司,2,14-1
捨不得,2,14-1
聚一聚,2,14-1
當時,2,14-2
聲調,2,14-2
發音,2,14-2
準,2,14-2
企業,2,14-2
管理,2,14-2
系,2,14-2
經濟,2,14-2
幫助,2,14-2
有關,2,14-2
語法,2,14-2
研究,2,14-2
教書,2,14-2
方法,2,14-2
目的,2,14-2
國際,2,14-2
翻譯,2,14-2
外交,2,14-2
人員,2,14-2
充實,2,14-2
專業,2,14-2
能力,2,14-2
加拿大,2,14-2
企業管理系（企管系）,2,14-2
國際關係,2,14-2
春節,2,15-1
伯伯,2,15-1
年夜飯,2,15-1
打擾,2,15-1
女兒,2,15-1
國外,2,15-1
圍爐,2,15-1
意思,2,15-1
全家,2,15-1
孩子,2,15-1
吉祥,2,15-1
年紀,2,15-1
過年,2,15-1
除夕夜,2,15-1
睡著,2,15-1
壓歲錢,2,15-1
恭喜發財,2,15-1
好了,2,15-1
節日,2,15-2
打掃,2,15-2
另外,2,15-2
春聯,2,15-2
除夕,2,15-2
年糕,2,15-2
橘子,2,15-2
守歲,2,15-2
說法,2,15-2
晚,2,15-2
活,2,15-2
平安,2,15-2
出門,2,15-2
拜年,2,15-2
又,2,15-2
起來,2,15-2
華人,2,15-2
貼上,2,15-2
年年有餘,2,15-2
步步高升,2,15-2
大吉大利,2,15-2
放鞭炮,2,15-2
大年初一,2,15-2
大年初五,2,15-2
安德思,3,1-1
羅珊蒂,3,1-1
何雅婷,3,1-1
開學,3,1-1
班,3,1-1
新生,3,1-1
嚴,3,1-1
口試,3,1-1
筆試,3,1-1
以外,3,1-1
口頭,3,1-1
報告,3,1-1
壓力,3,1-1
說明,3,1-1
清楚,3,1-1
位子,3,1-1
旁聽,3,1-1
分,3,1-1
羨慕,3,1-1
休學,3,1-1
用功,3,1-1
行,3,1-1
轉,3,1-1
原來,3,1-1
會計,3,1-1
熱門,3,1-1
熬夜,3,1-1
當,3,1-1
恐怕,3,1-1
口才,3,1-1
事,3,1-1
遲到,3,1-1
差一點,3,1-1
這樣下去,3,1-1
沒辦法,3,1-1
獨生女,3,1-2
私立,3,1-2
理想,3,1-2
合,3,1-2
痛苦,3,1-2
科系,3,1-2
放棄,3,1-2
不管,3,1-2
反對,3,1-2
個性,3,1-2
活潑,3,1-2
外語,3,1-2
擔心,3,1-2
填,3,1-2
表,3,1-2
辦,3,1-2
手續,3,1-2
申請,3,1-2
成績單,3,1-2
考上,3,1-2
推薦信,3,1-2
起,3,2-1
外套,3,2-1
一般,3,2-1
商品,3,2-1
折扣,3,2-1
省,3,2-1
牌子,3,2-1
品質,3,2-1
選擇,3,2-1
樣子,3,2-1
摸,3,2-1
店員,3,2-1
短,3,2-1
羊毛,3,2-1
暖和,3,2-1
打折,3,2-1
原價,3,2-1
刷卡,3,2-1
現金,3,2-1
麻煩,3,2-1
簽名,3,2-1
破洞,3,2-1
發票,3,2-1
弄,3,2-1
退,3,2-1
換,3,2-1
店長,3,2-1
週年慶,3,2-1
一般來說,3,2-1
試穿,3,2-1
打完折,3,2-1
弄丟,3,2-1
購物,3,2-2
糾紛,3,2-2
電信,3,2-2
門市,3,2-2
居留證,3,2-2
月租型,3,2-2
帳單,3,2-2
並,3,2-2
包括,3,2-2
解釋,3,2-2
顧客,3,2-2
尤其,3,2-2
騙,3,2-2
頓,3,2-2
辦法,3,2-2
自動,3,2-2
關機,3,2-2
修理,3,2-2
繳費,3,2-2
預付卡,3,2-2
換成,3,2-2
吃到飽,3,2-2
嚇一跳,3,2-2
客服中心,3,2-2
陳敏萱,3,3-1
高橋健太,3,3-1
空氣,3,3-1
影響,3,3-1
穩定,3,3-1
幸虧,3,3-1
躲,3,3-1
度,3,3-1
溫度,3,3-1
零下,3,3-1
感覺,3,3-1
實際,3,3-1
難怪,3,3-1
季節,3,3-1
火鍋,3,3-1
海鮮,3,3-1
新鮮,3,3-1
櫻花,3,3-1
變化,3,3-1
氣溫,3,3-1
差,3,3-1
幾乎,3,3-1
乾,3,3-1
發霉,3,3-1
除濕機,3,3-1
雨季,3,3-1
涼快,3,3-1
潮濕,3,3-1
悶,3,3-1
冷氣,3,3-1
荷蘭,3,3-1
出大太陽,3,3-1
颳風,3,3-1
受到,3,3-1
受不了,3,3-1
餓死了,3,3-1
後母臉,3,3-1
祖先,3,3-2
移民,3,3-2
當中,3,3-2
根據,3,3-2
農曆,3,3-2
農業,3,3-2
農人,3,3-2
難得,3,3-2
祭祖,3,3-2
拜,3,3-2
神,3,3-2
拜拜,3,3-2
蚊蟲,3,3-2
戴,3,3-2
香包,3,3-2
掛,3,3-2
瘟疫,3,3-2
做法,3,3-2
多少,3,3-2
作用,3,3-2
迷信,3,3-2
收成,3,3-2
民族,3,3-2
月亮,3,3-2
圓,3,3-2
社會,3,3-2
團聚,3,3-2
月餅,3,3-2
柚子,3,3-2
故事,3,3-2
溫馨,3,3-2
端午節,3,3-2
中秋節,3,3-2
雄黃酒,3,3-2
古時候,3,3-2
趕走,3,3-2
過節,3,3-2
愛,3,4-1
人情味,3,4-1
放,3,4-1
天燈,3,4-1
願望,3,4-1
訊號,3,4-1
元宵,3,4-1
牆,3,4-1
耐心,3,4-1
感動,3,4-1
擔仔麵,3,4-1
招牌,3,4-1
當地,3,4-1
賺,3,4-1
而,3,4-1
交,3,4-1
理想,3,4-1
剛剛,3,4-1
改天,3,4-1
無聊,3,4-1
東區,3,4-1
煙火,3,4-1
跨年,3,4-1
種類,3,4-1
價錢,3,4-1
感覺,3,4-1
雞排,3,4-1
口,3,4-1
紅茶,3,4-1
平溪,3,4-1
元宵節,3,4-1
孔廟,3,4-1
校外教學,3,4-1
碰到,3,4-1
水煎包,3,4-1
同事,3,4-2
美食,3,4-2
上,3,4-2
泡,3,4-2
錯過,3,4-2
營業,3,4-2
夜景,3,4-2
古老,3,4-2
古蹟,3,4-2
重視,3,4-2
歷史,3,4-2
風俗,3,4-2
習慣,3,4-2
道地,3,4-2
粥,3,4-2
講究,3,4-2
頓,3,4-2
速度,3,4-2
窄,3,4-2
街道,3,4-2
蓋,3,4-2
待,3,4-2
欣賞,3,4-2
美麗,3,4-2
鈴木,3,4-2
赤崁樓,3,4-2
留下來,3,4-2
木造,3,4-2
非去不可,3,4-2
流行,3,5-1
唉,3,5-1
演唱會,3,5-1
塞車,3,5-1
上線,3,5-1
成功,3,5-1
倒楣,3,5-1
樂團,3,5-1
唱,3,5-1
興奮,3,5-1
迷,3,5-1
歌詞,3,5-1
難過,3,5-1
不如,3,5-1
現場,3,5-1
跳,3,5-1
整,3,5-1
震動,3,5-1
漫畫,3,5-1
內容,3,5-1
色情,3,5-1
放鬆,3,5-1
心情,3,5-1
五月天,3,5-1
算了,3,5-1
受歡迎,3,5-1
擠滿,3,5-1
租書店,3,5-1
平板電腦,3,5-1
智慧型手機,3,5-1
殺時間,3,5-1
漫畫展,3,5-1
來不及,3,5-1
撞衫,3,5-2
它,3,5-2
塞,3,5-2
當季,3,5-2
款式,3,5-2
連續劇,3,5-2
主角,3,5-2
甜美,3,5-2
寄,3,5-2
居然,3,5-2
害,3,5-2
既然,3,5-2
服裝,3,5-2
媒體,3,5-2
方式,3,5-2
吸引,3,5-2
避免,3,5-2
包包,3,5-2
商人,3,5-2
產品,3,5-2
電子,3,5-2
市場,3,5-2
新型,3,5-2
落伍,3,5-2
知音,3,5-2
想像,3,5-2
喇叭褲,3,5-2
印象,3,5-2
遊戲,3,5-2
化妝,3,5-2
一模一樣,3,5-2
淺藍色,3,5-2
脫掉,3,5-2
小題大作,3,5-2
推出,3,5-2
李文彥,3,6-1
表哥,3,6-1
隨便,3,6-1
種,3,6-1
蔬菜,3,6-1
農夫,3,6-1
減少,3,6-1
農藥,3,6-1
天然,3,6-1
堆肥,3,6-1
辛苦,3,6-1
地位,3,6-1
收入,3,6-1
利潤,3,6-1
屋子,3,6-1
番茄,3,6-1
品種,3,6-1
氣候,3,6-1
長,3,6-1
熟,3,6-1
片,3,6-1
田,3,6-1
照顧,3,6-1
敢,3,6-1
條件,3,6-1
黑,3,6-1
摘下來,3,6-1
做不動,3,6-1
基因改造,3,6-1
忙得過來,3,6-1
開玩笑,3,6-1
看天吃飯,3,6-1
小農,3,6-2
市集,3,6-2
食材,3,6-2
產地,3,6-2
盡量,3,6-2
友善,3,6-2
對待,3,6-2
土地,3,6-2
信任,3,6-2
寧可,3,6-2
跑,3,6-2
支持,3,6-2
文章,3,6-2
推銷,3,6-2
其中,3,6-2
師傅,3,6-2
農村,3,6-2
長大,3,6-2
幫助,3,6-2
拜訪,3,6-2
出產,3,6-2
由於,3,6-2
許多,3,6-2
接近,3,6-2
自然,3,6-2
變成,3,6-2
休閒,3,6-2
隨著,3,6-2
觀光,3,6-2
消費,3,6-2
安靜,3,6-2
消失,3,6-2
出問題,3,6-2
一方面,3,6-2
親,3,7-1
爺爺,3,7-1
鄰居,3,7-1
狗,3,7-1
叫,3,7-1
嗯,3,7-1
奶奶,3,7-1
過世,3,7-1
領養,3,7-1
隻,3,7-1
可愛,3,7-1
孤單,3,7-1
牠,3,7-1
髒,3,7-1
洗澡,3,7-1
養,3,7-1
亂,3,7-1
咬,3,7-1
打,3,7-1
分手,3,7-1
緊張,3,7-1
減輕,3,7-1
送,3,7-1
美容院,3,7-1
推車,3,7-1
主人,3,7-1
相處,3,7-1
生 ,3,7-1
寵物,3,7-1
單身,3,7-1
醫院,3,7-1
意見,3,7-1
建立,3,7-1
散步,3,7-1
家庭,3,7-1
真正,3,7-1
幸福,3,7-1
跌倒,3,7-1
當成,3,7-1
忍不住,3,7-1
多元,3,7-2
阿姨,3,7-2
先生,3,7-2
下班,3,7-2
改,3,7-2
公公,3,7-2
全,3,7-2
靠,3,7-2
單親,3,7-2
貴族,3,7-2
時代,3,7-2
強,3,7-2
追,3,7-2
自由,3,7-2
獨立,3,7-2
安排,3,7-2
享受,3,7-2
身邊,3,7-2
伴,3,7-2
同居,3,7-2
成家,3,7-2
負擔,3,7-2
養家,3,7-2
責任,3,7-2
亂,3,7-2
教養,3,7-2
接受,3,7-2
組成,3,7-2
道德,3,7-2
因此,3,7-2
完整,3,7-2
美真,3,7-2
家華,3,7-2
風雲人物,3,7-2
下決心,3,7-2
整夜,3,8-1
開,3,8-1
燈,3,8-1
電玩,3,8-1
球賽,3,8-1
激動,3,8-1
喊,3,8-1
公職,3,8-1
其實,3,8-1
公務員,3,8-1
煩,3,8-1
聽話,3,8-1
失業率,3,8-1
門,3,8-1
讀書,3,8-1
學分,3,8-1
修,3,8-1
專心,3,8-1
修課,3,8-1
輔系,3,8-1
瘋,3,8-1
誇張,3,8-1
舉行,3,8-1
遺憾,3,8-1
兒子,3,8-1
期望,3,8-1
狀元,3,8-1
努力,3,8-1
怎麼回事,3,8-1
大喊大叫,3,8-1
期中考,3,8-1
密集班,3,8-1
畢業展,3,8-1
服裝設計,3,8-1
醫學系,3,8-1
行行出狀元,3,8-1
冠軍,3,8-2
大賽,3,8-2
通過,3,8-2
高級,3,8-2
碩士,3,8-2
面試,3,8-2
卻,3,8-2
國中,3,8-2
學歷,3,8-2
拒絕,3,8-2
引起,3,8-2
彈性,3,8-2
改變,3,8-2
制度,3,8-2
基礎,3,8-2
認真,3,8-2
公平,3,8-2
出生,3,8-2
窮,3,8-2
父親,3,8-2
母親,3,8-2
學徒,3,8-2
吃苦,3,8-2
明白,3,8-2
當兵,3,8-2
認字,3,8-2
烘焙,3,8-2
學習,3,8-2
技術,3,8-2
藝術,3,8-2
經過,3,8-2
終於,3,8-2
億,3,8-2
夢想,3,8-2
成為,3,8-2
企業家,3,8-2
分店,3,8-2
原因,3,8-2
錄取,3,8-2
成功,3,8-2
鼓勵,3,8-2
吳寶春,3,8-2
新加坡,3,8-2
日文,3,8-2
世界麵包大賽,3,8-2
EMBA(高級管理人員工商管理碩士),3,8-2
小時候,3,8-2
大開眼界,3,8-2
X分之Y,3,8-2
訂單,3,9-1
客戶,3,9-1
方便,3,9-1
訂購,3,9-1
成立,3,9-1
假日,3,9-1
販賣,3,9-1
阿嬤,3,9-1
中間商,3,9-1
經營,3,9-1
宅配,3,9-1
下,3,9-1
既,3,9-1
隨時,3,9-1
搜尋,3,9-1
冰箱,3,9-1
吃虧,3,9-1
比價,3,9-1
風險,3,9-1
賣家,3,9-1
必須,3,9-1
信用,3,9-1
萬一,3,9-1
滿意,3,9-1
以內,3,9-1
普遍,3,9-1
選擇,3,9-1
網購,3,9-1
貨比三家不吃虧,3,9-1
兩成,3,9-1
鳳梨,3,9-2
農產品,3,9-2
出口,3,9-2
曾經,3,9-2
占,3,9-2
成本,3,9-2
價格,3,9-2
競爭,3,9-2
好運,3,9-2
內餡,3,9-2
當做,3,9-2
喜餅,3,9-2
喜愛,3,9-2
茶點,3,9-2
商機,3,9-2
代表,3,9-2
政府,3,9-2
舉辦,3,9-2
產值,3,9-2
提高,3,9-2
知名,3,9-2
出現,3,9-2
科技,3,9-2
(台)斤,3,9-2
叔叔,3,9-2
口味,3,9-2
結果,3,9-2
購買,3,9-2
改善,3,9-2
並且,3,9-2
行銷,3,9-2
團購,3,9-2
店面,3,9-2
全,3,9-2
閩南語,3,9-2
旺來,3,9-2
東京,3,9-2
鳳梨酥,3,9-2
第二位,3,9-2
鳳梨農,3,9-2
住院,3,10-1
臉,3,10-1
受傷,3,10-1
撞,3,10-1
遵守,3,10-1
規則,3,10-1
報警,3,10-1
急診室,3,10-1
傷,3,10-1
骨折,3,10-1
片子,3,10-1
開刀,3,10-1
病人,3,10-1
情況,3,10-1
緊急,3,10-1
病床,3,10-1
要命,3,10-1
打針,3,10-1
止痛,3,10-1
手術,3,10-1
警察,3,10-1
危險,3,10-1
至於,3,10-1
部位,3,10-1
恢復,3,10-1
傷口,3,10-1
哎呀,3,10-1
出車禍,3,10-1
趕時間,3,10-1
撞倒,3,10-1
救護車,3,10-1
照X光,3,10-1
動手術,3,10-1
醫美,3,10-2
合理,3,10-2
休假,3,10-2
迷人,3,10-2
職場,3,10-2
競爭力,3,10-2
調查,3,10-2
整型,3,10-2
增加,3,10-2
自信,3,10-2
外表,3,10-2
普通,3,10-2
從事,3,10-2
醫治,3,10-2
一向,3,10-2
一般,3,10-2
主要,3,10-2
待遇,3,10-2
公立,3,10-2
外科,3,10-2
超過,3,10-2
倍,3,10-2
另,3,10-2
價值觀,3,10-2
尊敬,3,10-2
告,3,10-2
平均,3,10-2
醫療,3,10-2
怪,3,10-2
愛林,3,10-2
微整型,3,10-2
數一數二,3,10-2
人際關係,3,10-2
動不動就,3,10-2
找回,3,10-2
建,3,11-1
重建,3,11-1
到底,3,11-1
世紀,3,11-1
貿易,3,11-1
商業,3,11-1
利益,3,11-1
派,3,11-1
軍隊,3,11-1
燒,3,11-1
城牆,3,11-1
頭髮,3,11-1
甚至,3,11-1
打仗,3,11-1
少數,3,11-1
開墾,3,11-1
將軍,3,11-1
軍人,3,11-1
平原,3,11-1
人口,3,11-1
血統,3,11-1
嘍,3,11-1
孫子,3,11-1
領土,3,11-1
男性,3,11-1
禁止,3,11-1
娶,3,11-1
相信,3,11-1
精彩,3,11-1
紅毛城,3,11-1
東方,3,11-1
淡水,3,11-1
漢人,3,11-1
鄭成功,3,11-1
明朝,3,11-1
中南美洲,3,11-1
清朝,3,11-1
大清帝國,3,11-1
輪到,3,11-1
十七世紀初,3,11-1
打敗,3,11-1
十七世紀末,3,11-1
餐桌,3,11-2
中式,3,11-2
套,3,11-2
燒餅,3,11-2
油條,3,11-2
飯糰,3,11-2
豆漿,3,11-2
內戰,3,11-2
人民,3,11-2
攤子,3,11-2
菜單,3,11-2
蘿蔔,3,11-2
接著,3,11-2
戰爭,3,11-2
不斷,3,11-2
遷移,3,11-2
多半,3,11-2
困難,3,11-2
節儉,3,11-2
主婦,3,11-2
煎,3,11-2
菜色,3,11-2
以及,3,11-2
美味,3,11-2
點心,3,11-2
日式,3,11-2
飲食,3,11-2
深,3,11-2
蔣介石,3,11-2
國共內戰,3,11-2
客家人,3,11-2
閩南人,3,11-2
蛋餅,3,11-2
打輸,3,11-2
擺攤子,3,11-2
蘿蔔糕,3,11-2
烹飪課,3,11-2
曬乾,3,11-2
各種各樣,3,11-2
殖民統治,3,11-2
味噌湯,3,11-2
蘿蔔乾,3,11-2
進一步,3,11-2
投票,3,12-1
抱歉,3,12-1
表妹,3,12-1
反核,3,12-1
遊行,3,12-1
政治,3,12-1
熱衷,3,12-1
前途,3,12-1
勸,3,12-1
而已,3,12-1
民主,3,12-1
表達,3,12-1
公共,3,12-1
議題,3,12-1
核能,3,12-1
電廠,3,12-1
由,3,12-1
專家,3,12-1
全面,3,12-1
民意,3,12-1
代表,3,12-1
處理,3,12-1
政黨,3,12-1
難道,3,12-1
滿,3,12-1
憲法,3,12-1
投票權,3,12-1
選舉,3,12-1
權利,3,12-1
表示,3,12-1
反映,3,12-1
為,3,12-1
服務,3,12-1
職位,3,12-1
任期,3,12-1
選民,3,12-1
完美,3,12-1
積極,3,12-1
最佳,3,12-1
推銷員,3,12-1
有道理,3,12-1
候選人,3,12-1
學術界,3,12-2
從政,3,12-2
政策,3,12-2
安定,3,12-2
辭,3,12-2
頭腦,3,12-2
改革,3,12-2
看法,3,12-2
教育,3,12-2
方面,3,12-2
得到,3,12-2
連任,3,12-2
屆,3,12-2
支持度,3,12-2
落選,3,12-2
得票率,3,12-2
預期,3,12-2
暫時,3,12-2
老家,3,12-2
形象,3,12-2
商量,3,12-2
人脈,3,12-2
弱勢,3,12-2
退休,3,12-2
事業,3,12-2
捐,3,12-2
義務,3,12-2
經費,3,12-2
競選,3,12-2
也許,3,12-2
政治界,3,12-2
權力,3,12-2
辭掉,3,12-2
提出,3,12-2
國民年金,3,12-2
中間選民,3,12-2
一陣子,3,12-2
下一步,3,12-2
盡可能,3,12-2
出版社,3,12-2
捐出,3,12-2
二手書,3,12-2
小玲,4,1-1
阿建,4,1-1
聊天室,4,1-1
上班族,4,1-1
與其,4,1-1
冷清,4,1-1
高就,4,1-1
部門,4,1-1
厲害,4,1-1
加班,4,1-1
類,4,1-1
恐怖片,4,1-1
愛情片,4,1-1
嚇,4,1-1
哭,4,1-1
上癮,4,1-1
刺激,4,1-1
簡直,4,1-1
膽子,4,1-1
部,4,1-1
限制級,4,1-1
電影院,4,1-1
呃,4,1-1
建設公司,4,1-1
業務經理,4,1-1
室內設計,4,1-1
溫暖,4,1-2
目前,4,1-2
所,4,1-2
就讀,4,1-2
不至於,4,1-2
但,4,1-2
放學,4,1-2
後,4,1-2
解決,4,1-2
寂寞,4,1-2
網友,4,1-2
陪伴,4,1-2
電腦,4,1-2
進入,4,1-2
線上,4,1-2
感情,4,1-2
小氣,4,1-2
時,4,1-2
往往,4,1-2
打氣,4,1-2
安慰,4,1-2
心裡,4,1-2
大膽,4,1-2
紓解,4,1-2
轉換,4,1-2
虛擬,4,1-2
現實,4,1-2
心理,4,1-2
即使,4,1-2
責備,4,1-2
期待,4,1-2
喘氣,4,1-2
自在,4,1-2
交友,4,1-2
暴力,4,1-2
點,4,1-2
懂得,4,1-2
陷阱,4,1-2
明星高中,4,1-2
早出晚歸,4,1-2
打開,4,1-2
喘不過氣,4,1-2
躲進,4,1-2
掉進,4,1-2
李雲真,4,2-1
眼睛,4,2-1
耳朵,4,2-1
饗宴,4,2-1
打扮,4,2-1
音樂廳,4,2-1
表演,4,2-1
整齊,4,2-1
穿著,4,2-1
丟臉,4,2-1
短褲,4,2-1
涼鞋,4,2-1
擋,4,2-1
演出者,4,2-1
尊重,4,2-1
社交,4,2-1
免得,4,2-1
中場,4,2-1
準時,4,2-1
禮貌,4,2-1
或,4,2-1
熟,4,2-1
提,4,2-1
咳嗽,4,2-1
關,4,2-1
哇,4,2-1
水準,4,2-1
手冊,4,2-1
洗手間,4,2-1
提醒,4,2-1
響,4,2-1
糟,4,2-1
噓,4,2-1
看不成,4,2-1
聯絡感情,4,2-1
擤鼻涕,4,2-1
場,4,2-2
強調,4,2-2
團體,4,2-2
千萬,4,2-2
鋼琴,4,2-2
小提琴,4,2-2
古典,4,2-2
畫家,4,2-2
畫,4,2-2
舞蹈,4,2-2
文學,4,2-2
繪畫,4,2-2
等,4,2-2
寺廟,4,2-2
表現,4,2-2
之,4,2-2
劇情,4,2-2
導演,4,2-2
所,4,2-2
紅,4,2-2
明星,4,2-2
演技,4,2-2
得,4,2-2
獎,4,2-2
廣場,4,2-2
或,4,2-2
仔細,4,2-2
留意,4,2-2
處處,4,2-2
滿足,4,2-2
豐盛,4,2-2
國家戲劇院,4,2-2
雲門舞集,4,2-2
國家音樂廳,4,2-2
金馬影展,4,2-2
現代舞,4,2-2
無人不知無人不曉,4,2-2
百聞不如一見,4,2-2
老街,4,2-2
街頭藝術,4,2-2
裝置藝術,4,2-2
填飽,4,2-2
口腹之慾,4,2-2
李文麗,4,3-1
外婆,4,3-1
女裝,4,3-1
何必,4,3-1
指,4,3-1
划算,4,3-1
身材,4,3-1
模特兒,4,3-1
不見得,4,3-1
仿冒品,4,3-1
瑕疵,4,3-1
圖片,4,3-1
落差,4,3-1
提供,4,3-1
資訊,4,3-1
疑問,4,3-1
嘛,4,3-1
慣,4,3-1
瀏覽,4,3-1
後悔,4,3-1
深夜,4,3-1
任何,4,3-1
駭客,4,3-1
盜用,4,3-1
認證,4,3-1
銀髮族,4,3-1
從前,4,3-1
通常,4,3-1
取貨,4,3-1
付款,4,3-1
雲端科技,4,3-1
宅經濟,4,3-1
用不慣,4,3-1
退換,4,3-1
信用卡,4,3-1
縮短,4,3-2
人們,4,3-2
距離,4,3-2
取代,4,3-2
信,4,3-2
影集,4,3-2
取得,4,3-2
例如,4,3-2
民眾,4,3-2
高速公路,4,3-2
前,4,3-2
查詢,4,3-2
路況,4,3-2
避開,4,3-2
路段,4,3-2
若,4,3-2
運用,4,3-2
病歷,4,3-2
例子,4,3-2
更加,4,3-2
原本,4,3-2
忙碌,4,3-2
確實,4,3-2
控制,4,3-2
表弟,4,3-2
退步,4,3-2
過度,4,3-2
與,4,3-2
生理,4,3-2
盯,4,3-2
螢幕,4,3-2
疲倦,4,3-2
視力,4,3-2
家長,4,3-2
此外,4,3-2
戶外,4,3-2
人類,4,3-2
正面,4,3-2
同時,4,3-2
負面,4,3-2
沉迷,4,3-2
無形中,4,3-2
遠距教學,4,3-2
大吵大鬧,4,3-2
焦慮不安,4,3-2
總而言之,4,3-2
該,4,4-1
擺,4,4-1
總算,4,4-1
欸,4,4-1
呀,4,4-1
衣櫥,4,4-1
梳妝台,4,4-1
位置,4,4-1
空間,4,4-1
科學,4,4-1
風水師,4,4-1
在意,4,4-1
所謂,4,4-1
角度,4,4-1
改造,4,4-1
學問,4,4-1
居住,4,4-1
日常,4,4-1
布置,4,4-1
凶猛,4,4-1
動物,4,4-1
刀,4,4-1
劍,4,4-1
脾氣,4,4-1
暴躁,4,4-1
衝動,4,4-1
鏡子,4,4-1
床腳,4,4-1
光,4,4-1
擺飾,4,4-1
老婆,4,4-1
把,4,4-1
欺負,4,4-1
風水學,4,4-1
正對門,4,4-1
譬如說,4,4-1
一口氣,4,4-1
死定了,4,4-1
地理,4,4-2
便利性,4,4-2
周邊,4,4-2
住宅,4,4-2
詞,4,4-2
西元,4,4-2
推翻,4,4-2
心中,4,4-2
名言,4,4-2
建造,4,4-2
塑造,4,4-2
命運,4,4-2
本身,4,4-2
地標,4,4-2
參考,4,4-2
外觀,4,4-2
疊,4,4-2
盆子,4,4-2
斜,4,4-2
牆面,4,4-2
聚寶盆,4,4-2
角,4,4-2
龍,4,4-2
古,4,4-2
錢幣,4,4-2
屋頂,4,4-2
龜,4,4-2
招財,4,4-2
側門,4,4-2
遮雨棚,4,4-2
如意,4,4-2
設計,4,4-2
偶然,4,4-2
晉代,4,4-2
郭璞,4,4-2
英國,4,4-2
邱吉爾,4,4-2
信義路,4,4-2
松智路,4,4-2
一命二運三風水,4,4-2
加起來,4,4-2
咬錢龜,4,4-2
十全十美,4,4-2
夢,4,5-1
排隊,4,5-1
校刊,4,5-1
採訪,4,5-1
校友,4,5-1
博士,4,5-1
學位,4,5-1
考,4,5-1
司機,4,5-1
學士,4,5-1
地攤,4,5-1
現象,4,5-1
稀奇,4,5-1
搶,4,5-1
批評,4,5-1
浪費,4,5-1
畢竟,4,5-1
貢獻,4,5-1
的確,4,5-1
盲目,4,5-1
升學,4,5-1
逃避,4,5-1
就業,4,5-1
延後,4,5-1
啃老族,4,5-1
收攤,4,5-1
清潔隊員,4,5-1
擺地攤,4,5-1
大多數,4,5-1
話說回來,4,5-1
自食其力,4,5-1
下一期,4,5-1
段,4,5-2
物價,4,5-2
上漲,4,5-2
所得,4,5-2
漲,4,5-2
勉強,4,5-2
根本,4,5-2
組織,4,5-2
抗議,4,5-2
地價,4,5-2
房價,4,5-2
高漲,4,5-2
造成,4,5-2
統計,4,5-2
窮忙,4,5-2
全球,4,5-2
景氣,4,5-2
施行,4,5-2
薪資,4,5-2
多年,4,5-2
未,4,5-2
調高,4,5-2
裁員,4,5-2
觀察,4,5-2
彩券,4,5-2
中獎,4,5-2
做夢,4,5-2
發財,4,5-2
臉色,4,5-2
報導,4,5-2
指出,4,5-2
創業,4,5-2
餐飲業,4,5-2
人生,4,5-2
及,4,5-2
挑戰,4,5-2
培養,4,5-2
實力,4,5-2
等待,4,5-2
擁有,4,5-2
中國大陸,4,5-2
存不了,4,5-2
無殼蝸牛,4,5-2
貧富不均,4,5-2
苦哈哈,4,5-2
另謀發展,4,5-2
恨不得,4,5-2
一夜致富,4,5-2
一片天,4,5-2
高來恩,4,6-1
地震,4,6-1
搖,4,6-1
厲害,4,6-1
經常,4,6-1
倒,4,6-1
橋,4,6-1
斷,4,6-1
多,4,6-1
地區,4,6-1
強烈,4,6-1
頻率,4,6-1
預測,4,6-1
徵兆,4,6-1
鳥類,4,6-1
雞,4,6-1
預先,4,6-1
老鼠,4,6-1
貓,4,6-1
馬,4,6-1
證實,4,6-1
應變,4,6-1
隨手,4,6-1
白,4,6-1
嫌,4,6-1
事前,4,6-1
總是,4,6-1
西歐,4,6-1
北歐,4,6-1
中歐,4,6-1
澳洲,4,6-1
南美洲,4,6-1
地球科學,4,6-1
菲律賓,4,6-1
天搖地動,4,6-1
壓死,4,6-1
災情慘重,4,6-1
東半部,4,6-1
地震帶,4,6-1
救生包,4,6-1
有備無患,4,6-1
如何,4,6-2
逃生,4,6-2
發達,4,6-2
天災,4,6-2
災害,4,6-2
程度,4,6-2
首先,4,6-2
其次,4,6-2
災難,4,6-2
緊急,4,6-2
必需品,4,6-2
譬如,4,6-2
手電筒,4,6-2
餅乾,4,6-2
平時,4,6-2
狀況,4,6-2
慌張,4,6-2
停電,4,6-2
黑暗,4,6-2
方向,4,6-2
集合,4,6-2
裂縫,4,6-2
瓦斯,4,6-2
開關,4,6-2
火災,4,6-2
門框,4,6-2
歪,4,6-2
頭部,4,6-2
冷靜,4,6-2
穩,4,6-2
櫃子,4,6-2
牆壁,4,6-2
倒塌,4,6-2
電梯,4,6-2
反而,4,6-2
堅固,4,6-2
柱子,4,6-2
碰,4,6-2
形成,4,6-2
三角形,4,6-2
保持,4,6-2
平靜,4,6-2
指示,4,6-2
救援,4,6-2
行動,4,6-2
掉下來,4,6-2
倒下來,4,6-2
救災人員,4,6-2
博文,4,7-1
玉珍,4,7-1
學妹,4,7-1
學弟,4,7-1
彈,4,7-1
吉他,4,7-1
交,4,7-1
家教,4,7-1
學長,4,7-1
還,4,7-1
進度,4,7-1
落後,4,7-1
完成,4,7-1
一連,4,7-1
約會,4,7-1
一生,4,7-1
時光,4,7-1
倒流,4,7-1
加強,4,7-1
至少,4,7-1
訓練,4,7-1
外國,4,7-1
爭取,4,7-1
實習,4,7-1
二分之一,4,7-1
一下…一下…,4,7-1
到時候,4,7-1
談戀愛,4,7-1
低空飛過,4,7-1
有助於,4,7-1
寒暑假,4,7-1
暗戀,4,7-2
目光,4,7-2
移動,4,7-2
於是,4,7-2
原來,4,7-2
煩惱,4,7-2
擔任,4,7-2
學生會,4,7-2
會長,4,7-2
校隊,4,7-2
隊員,4,7-2
高大,4,7-2
帥氣,4,7-2
雙,4,7-2
開朗,4,7-2
微笑,4,7-2
情人節,4,7-2
親手,4,7-2
巧克力,4,7-2
當天,4,7-2
堆,4,7-2
向,4,7-2
告白,4,7-2
萬人迷,4,7-2
交往,4,7-2
系花,4,7-2
追,4,7-2
情書,4,7-2
態度,4,7-2
曖昧,4,7-2
甜蜜,4,7-2
溫柔,4,7-2
訊息,4,7-2
忌妒,4,7-2
安全感,4,7-2
吃醋,4,7-2
吵架,4,7-2
牽,4,7-2
吻,4,7-2
劈腿,4,7-2
糟糕,4,7-2
何清源,4,7-2
林榮華,4,7-2
一見鍾情,4,7-2
一舉一動,4,7-2
前一天,4,7-2
已讀不回,4,7-2
王麗華,4,8-1
魯亞,4,8-1
論文,4,8-1
反正,4,8-1
不只,4,8-1
哈,4,8-1
代替,4,8-1
獨自,4,8-1
難免,4,8-1
費用,4,8-1
觀念,4,8-1
代,4,8-1
婚姻,4,8-1
束縛,4,8-1
追求,4,8-1
倒是,4,8-1
推行,4,8-1
生育,4,8-1
補助,4,8-1
老人,4,8-1
夫婦,4,8-1
獨生子,4,8-1
寵,4,8-1
職業,4,8-1
婦產科,4,8-1
失業,4,8-1
補習班,4,8-1
不可思議,4,8-1
有話直說,4,8-1
娃娃推車,4,8-1
不足為奇,4,8-1
遠遠,4,8-1
傳宗接代,4,8-1
無拘無束,4,8-1
老一輩,4,8-1
一胎化政策,4,8-1
這下子,4,8-1
已,4,8-2
生育率,4,8-2
離婚,4,8-2
年齡,4,8-2
較,4,8-2
使,4,8-2
行業,4,8-2
重大,4,8-2
幼稚園,4,8-2
招生,4,8-2
減班,4,8-2
將,4,8-2
少子化,4,8-2
連鎖,4,8-2
兒童,4,8-2
美語,4,8-2
倒閉,4,8-2
何況,4,8-2
無法,4,8-2
未來,4,8-2
遠景,4,8-2
足夠,4,8-2
加入,4,8-2
老化,4,8-2
針對,4,8-2
項,4,8-2
措施,4,8-2
減稅,4,8-2
延長,4,8-2
產假,4,8-2
托育,4,8-2
胎,4,8-2
領,4,8-2
元,4,8-2
成年,4,8-2
除非,4,8-2
整體,4,8-2
否則,4,8-2
婦女,4,8-2
意願,4,8-2
祖父母,4,8-2
孫女,4,8-2
重,4,8-2
預算,4,8-2
財政,4,8-2
沉重,4,8-2
有效,4,8-2
正,4,8-2
考驗,4,8-2
智慧,4,8-2
之一,4,8-2
寧缺勿濫,4,8-2
合不來,4,8-2
生兒育女,4,8-2
獨善其身,4,8-2
停滯不前,4,8-2
逐漸,4,9-1
據點,4,9-1
統治,4,9-1
景點,4,9-1
繁榮,4,9-1
港口,4,9-1
據說,4,9-1
鹿,4,9-1
鹿群,4,9-1
形狀,4,9-1
鹿角,4,9-1
便,4,9-1
稱,4,9-1
動物園 ,4,9-1
皮,4,9-1
殺,4,9-1
數量,4,9-1
風光,4,9-1
民宅,4,9-1
蚵仔煎,4,9-1
哦,4,9-1
該,4,9-1
興盛,4,9-1
時期,4,9-1
獨木舟,4,9-1
為,4,9-1
載運,4,9-1
改名,4,9-1
相似,4,9-1
沒落,4,9-1
依然,4,9-1
保留,4,9-1
鹿港,4,9-1
艋舺,4,9-1
淡水河,4,9-1
萬華,4,9-1
台語,4,9-1
日語,4,9-1
家喻戶曉,4,9-1
滿山遍野,4,9-1
古色古香,4,9-1
綠豆糕,4,9-1
牛舌餅,4,9-1
垂涎三尺,4,9-1
數目,4,9-2
大約,4,9-2
佔,4,9-2
自從,4,9-2
將近,4,9-2
往來,4,9-2
思念,4,9-2
通信,4,9-2
毫無,4,9-2
音訊,4,9-2
遠離,4,9-2
妻子,4,9-2
永遠,4,9-2
開放,4,9-2
探親,4,9-2
親人,4,9-2
打聽,4,9-2
不禁,4,9-2
淚,4,9-2
尚未,4,9-2
出世,4,9-2
童年,4,9-2
傷心,4,9-2
筆,4,9-2
仍然,4,9-2
原諒,4,9-2
盡,4,9-2
究竟,4,9-2
內心,4,9-2
創傷,4,9-2
珍惜,4,9-2
精華,4,9-2
逃難,4,9-2
實在,4,9-2
歲月,4,9-2
遭遇,4,9-2
老兵,4,9-2
老張,4,9-2
文化大革命,4,9-2
落地生根,4,9-2
身強體壯,4,9-2
離鄉背井,4,9-2
飄洋過海,4,9-2
朝思暮想,4,9-2
一輩子,4,9-2
恐懼不安,4,9-2
刻骨銘心,4,9-2
何建明,4,10-1
應徵,4,10-1
配,4,10-1
領帶,4,10-1
花,4,10-1
素色,4,10-1
剩下,4,10-1
龍頭,4,10-1
起薪,4,10-1
福利,4,10-1
具備,4,10-1
限制,4,10-1
以上,4,10-1
以下,4,10-1
相關,4,10-1
各位,4,10-1
應屆,4,10-1
畢業生,4,10-1
大一,4,10-1
企劃部,4,10-1
營運,4,10-1
知識,4,10-1
社長,4,10-1
聯合,4,10-1
音樂會,4,10-1
節目,4,10-1
好評,4,10-1
企劃,4,10-1
領導,4,10-1
合作,4,10-1
似乎,4,10-1
關於,4,10-1
磨練,4,10-1
優點,4,10-1
上司,4,10-1
誇獎,4,10-1
週,4,10-1
內,4,10-1
以,4,10-1
書面,4,10-1
通知,4,10-1
就…而言,4,10-1
新鮮人,4,10-1
面試官,4,10-1
自我介紹,4,10-1
所學有限,4,10-1
出國,4,10-2
資金,4,10-2
廠商,4,10-2
例外,4,10-2
關,4,10-2
接觸,4,10-2
青年,4,10-2
貸款,4,10-2
開店,4,10-2
料,4,10-2
損失,4,10-2
勇氣,4,10-2
員工,4,10-2
求職,4,10-2
目標,4,10-2
初步,4,10-2
技巧,4,10-2
概念,4,10-2
挑,4,10-2
基本,4,10-2
襯衫,4,10-2
過程,4,10-2
同班,4,10-2
是…的料,4,10-2
接下來,4,10-2
提不起（勇氣）,4,10-2
養家活口,4,10-2
來自,4,10-2
熟讀,4,10-2
考古題,4,10-2
沙盤推演,4,10-2
深藍色,4,10-2
種族,4,11-1
熔爐,4,11-1
偏偏,4,11-1
肯,4,11-1
母語,4,11-1
口音,4,11-1
適應,4,11-1
了不起,4,11-1
交流,4,11-1
志工,4,11-1
縣,4,11-1
市,4,11-1
外籍,4,11-1
配偶,4,11-1
焦慮,4,11-1
溝通,4,11-1
障礙,4,11-1
良好,4,11-1
以往,4,11-1
面對,4,11-1
衝擊,4,11-1
大眾,4,11-1
難以,4,11-1
認同,4,11-1
跨國,4,11-1
大量,4,11-1
移入,4,11-1
憂慮,4,11-1
降低,4,11-1
素質,4,11-1
歧視,4,11-1
子女,4,11-1
資產,4,11-1
應,4,11-1
平等,4,11-1
相互,4,11-1
外人,4,11-1
聯絡,4,11-1
小明,4,11-1
家長日,4,11-1
氣人,4,11-1
照說,4,11-1
在…之餘,4,11-1
本地人,4,11-1
自己人,4,11-1
哪裡！哪裡！,4,11-1
漸漸,4,11-2
曾,4,11-2
嘗試,4,11-2
結構,4,11-2
產生,4,11-2
轉變,4,11-2
嬰兒,4,11-2
雙親,4,11-2
本國,4,11-2
國籍,4,11-2
大陸籍,4,11-2
其,4,11-2
比例,4,11-2
根本,4,11-2
可見,4,11-2
現有,4,11-2
分配,4,11-2
顧慮,4,11-2
學童,4,11-2
身心,4,11-2
缺乏,4,11-2
課業,4,11-2
指導,4,11-2
輔導,4,11-2
輸,4,11-2
失去,4,11-2
然而,4,11-2
觀點,4,11-2
加速,4,11-2
創下,4,11-2
紀錄,4,11-2
明顯,4,11-2
下降,4,11-2
趨勢,4,11-2
高齡化,4,11-2
世代,4,11-2
不足,4,11-2
持續,4,11-2
正視,4,11-2
國語,4,11-2
客語,4,11-2
最多數,4,11-2
總人數,4,11-2
起跑點,4,11-2
新生兒,4,11-2
生產力,4,11-2
一較長短,4,11-2
王安康,4,12-1
張定能,4,12-1
美好,4,12-1
當選,4,12-1
無所謂,4,12-1
敏感,4,12-1
化學,4,12-1
添加物,4,12-1
殘留,4,12-1
修改,4,12-1
法規,4,12-1
安養,4,12-1
河川,4,12-1
脫離,4,12-1
背景,4,12-1
領域,4,12-1
竟然,4,12-1
總統,4,12-1
保障,4,12-1
特權,4,12-1
把持,4,12-1
監督,4,12-1
罷免,4,12-1
權,4,12-1
廉能,4,12-1
富足,4,12-1
在乎,4,12-1
生命,4,12-1
財產,4,12-1
義工,4,12-1
選戰,4,12-1
承諾,4,12-1
帶領,4,12-1
力量,4,12-1
擺脫,4,12-1
困境,4,12-1
房地產,4,12-1
小自…大至…,4,12-1
是否,4,12-1
照理說,4,12-1
政治人物,4,12-1
受苦,4,12-1
富裕,4,12-2
貪汙,4,12-2
腐敗,4,12-2
政爭,4,12-2
停滯,4,12-2
上升,4,12-2
信心,4,12-2
遊民,4,12-2
外界,4,12-2
悲慘,4,12-2
日子,4,12-2
如此,4,12-2
巨大,4,12-2
無能,4,12-2
冷漠,4,12-2
學者,4,12-2
階層,4,12-2
自然,4,12-2
阻止,4,12-2
遙遠,4,12-2
無論,4,12-2
明明,4,12-2
骯髒,4,12-2
顧,4,12-2
自身,4,12-2
政客,4,12-2
縱容,4,12-2
使得,4,12-2
工廠,4,12-2
密集,4,12-2
遭受,4,12-2
困苦,4,12-2
老人年金,4,12-2
無家可歸,4,12-2
以…為…,4,12-2
漠不關心,4,12-2
發言權,4,12-2
影響力,4,12-2
官商勾結,4,12-2
貧富懸殊,4,12-2
息息相關,4,12-2
言論,5,1-1
界線,5,1-1
臉書,5,1-1
則,5,1-1
留言,5,1-1
停止,5,1-1
決策,5,1-1
無罪,5,1-1
遭,5,1-1
慘,5,1-1
反應,5,1-1
發表,5,1-1
司法,5,1-1
判決,5,1-1
無能,5,1-1
幸運,5,1-1
顧名思義,5,1-1
接收,5,1-1
來源,5,1-1
處罰,5,1-1
包容,5,1-1
不論,5,1-1
展現,5,1-1
胡作非為,5,1-1
一旦,5,1-1
工具,5,1-1
洗腦,5,1-1
權益,5,1-1
盲點,5,1-1
立場,5,1-1
平衡,5,1-1
辯護,5,1-1
無理取鬧,5,1-1
指正,5,1-1
一來一往,5,1-1
真理,5,1-1
越辯越明,5,1-1
共識,5,1-1
亂象,5,1-1
攻擊,5,1-1
自殺,5,1-1
過於,5,1-1
事實上,5,1-1
仇恨,5,1-1
不實,5,1-1
謠言,5,1-1
霸凌,5,1-1
負責,5,1-1
誤解,5,1-1
意義,5,1-1
因此,5,1-1
否定,5,1-1
價值,5,1-1
封住,5,1-1
嘴,5,1-1
混亂,5,1-1
唯一,5,1-1
濫用,5,1-2
並非,5,1-2
不用,5,1-2
抓,5,1-2
關,5,1-2
名嘴,5,1-2
根據,5,1-2
隨意,5,1-2
鄉民,5,1-2
匿名,5,1-2
正義,5,1-2
惡意,5,1-2
情緒,5,1-2
成,5,1-2
護身符,5,1-2
傳播,5,1-2
驚人,5,1-2
股,5,1-2
有心,5,1-2
無意,5,1-2
威脅,5,1-2
諷刺,5,1-2
得,5,1-2
憂鬱症,5,1-2
則,5,1-2
閉嘴,5,1-2
回應,5,1-2
傷害,5,1-2
破壞,5,1-2
管,5,1-2
聰明,5,1-2
標題,5,1-2
懷疑,5,1-2
模糊,5,1-2
擅長,5,1-2
灰色,5,1-2
地帶,5,1-2
法院,5,1-2
確定,5,1-2
個人,5,1-2
承擔,5,1-2
和諧,5,1-2
制定,5,1-2
嚴格,5,1-2
約束,5,1-2
基改,5,2-1
農糧,5,2-1
廣播節目,5,2-1
主持人,5,2-1
聽眾,5,2-1
播,5,2-1
蟲子,5,2-1
隔壁,5,2-1
回答,5,2-1
死,5,2-1
話題,5,2-1
危害,5,2-1
贊成,5,2-1
各式各樣,5,2-1
只不過,5,2-1
種子,5,2-1
比如說,5,2-1
維他命,5,2-1
蔬果,5,2-1
抗癌,5,2-1
過敏,5,2-1
花生,5,2-1
科學家,5,2-1
豐富,5,2-1
享用,5,2-1
達到,5,2-1
預防,5,2-1
疾病,5,2-1
效果,5,2-1
好幾（種）,5,2-1
警告,5,2-1
突破,5,2-1
糧食,5,2-1
早晚,5,2-1
不僅,5,2-1
農作物,5,2-1
抵抗力,5,2-1
蟲害,5,2-1
產量,5,2-1
飢荒,5,2-1
含有,5,2-1
大豆,5,2-1
玉米,5,2-1
密不可分,5,2-1
生產,5,2-1
缺少,5,2-1
依賴,5,2-1
進口,5,2-1
危機,5,2-1
生物科技,5,2-1
機構,5,2-1
證據,5,2-1
證明,5,2-1
人體,5,2-1
結論,5,2-1
生長,5,2-1
除草劑,5,2-1
物質,5,2-1
怪物,5,2-1
原料,5,2-1
包裝,5,2-1
標示,5,2-1
一切,5,2-1
昆蟲,5,2-2
不孕,5,2-2
罹患,5,2-2
癌症,5,2-2
蘋果,5,2-2
鮭魚,5,2-2
不知不覺,5,2-2
辨別,5,2-2
安心,5,2-2
雜誌,5,2-2
編輯,5,2-2
後果,5,2-2
雜草,5,2-2
某,5,2-2
專利,5,2-2
農民,5,2-2
收購,5,2-2
居高不下,5,2-2
絕對,5,2-2
符合,5,2-2
非,5,2-2
事實,5,2-2
種植,5,2-2
總用量,5,2-2
公斤,5,2-2
即便,5,2-2
兼,5,2-2
欺騙,5,2-2
國人,5,2-2
立法,5,2-2
以,5,2-2
維護,5,2-2
神奇,5,2-2
手段,5,2-2
付出,5,2-2
代價,5,2-2
掌握,5,2-2
風氣,5,3-1
開放,5,3-1
意外,5,3-1
存在,5,3-1
內在,5,3-1
特質,5,3-1
勝,5,3-1
醜,5,3-1
顏值,5,3-1
他人,5,3-1
不盡然,5,3-1
要求,5,3-1
整出,5,3-1
鼻子,5,3-1
皮膚,5,3-1
細,5,3-1
腰,5,3-1
豐胸,5,3-1
高挺,5,3-1
水汪汪,5,3-1
參賽,5,3-1
眼光,5,3-1
矛盾,5,3-1
外貌,5,3-1
美滿,5,3-1
職涯,5,3-1
以貌取人,5,3-1
不計一切,5,3-1
英俊,5,3-1
獲得,5,3-1
青睞,5,3-1
對象,5,3-1
智力,5,3-1
同樣,5,3-1
團隊,5,3-1
金錢,5,3-1
投資,5,3-1
行為,5,3-1
儘管,5,3-1
日漸,5,3-1
失敗,5,3-1
胸部,5,3-1
大小不一,5,3-1
變形,5,3-1
失血,5,3-1
過,5,3-1
飽受,5,3-1
後遺症,5,3-1
副作用,5,3-1
多麼,5,3-1
冒險,5,3-1
如今,5,3-1
捷徑,5,3-1
進而,5,3-1
謹慎,5,3-1
看待,5,3-1
吹,5,3-2
旅遊,5,3-2
極具,5,3-2
潛力,5,3-2
理由,5,3-2
天性,5,3-2
列入,5,3-2
考量,5,3-2
公關,5,3-2
時尚,5,3-2
產業,5,3-2
眼皮,5,3-2
精神奕奕,5,3-2
違反,5,3-2
假,5,3-2
造假,5,3-2
標籤,5,3-2
優勢,5,3-2
理解,5,3-2
生來,5,3-2
差異,5,3-2
天生,5,3-2
後天,5,3-2
長相,5,3-2
平平,5,3-2
醫學,5,3-2
縮小,5,3-2
差距,5,3-2
無疑,5,3-2
器材,5,3-2
藥品,5,3-2
大幅,5,3-2
事先,5,3-2
評估,5,3-2
患者,5,3-2
動機,5,3-2
狀態,5,3-2
執行,5,3-2
身體髮膚受之父母,5,3-2
剪,5,3-2
理會,5,3-2
有何不可,5,3-2
刪減,5,4-1
鬥牛,5,4-1
街頭,5,4-1
舉,5,4-1
示威,5,4-1
主張,5,4-1
保存,5,4-1
廢止,5,4-1
引發,5,4-1
正反,5,4-1
兩方,5,4-1
激烈,5,4-1
具有,5,4-1
祭品,5,4-1
全民,5,4-1
座,5,4-1
鬥牛場,5,4-1
馬德里,5,4-1
至今,5,4-1
鬥牛士,5,4-1
華麗,5,4-1
服飾,5,4-1
一面,5,4-1
披風,5,4-1
激怒,5,4-1
公牛,5,4-1
優雅,5,4-1
姿勢,5,4-1
結合,5,4-1
過人,5,4-1
熟練,5,4-1
崇拜,5,4-1
旺季,5,4-1
遊客,5,4-1
前往,5,4-1
觀賞,5,4-1
奔牛節,5,4-1
重頭戲,5,4-1
狂奔,5,4-1
歐元,5,4-1
必要,5,4-1
獨特,5,4-1
魅力,5,4-1
戲劇,5,4-1
無數,5,4-1
靈感,5,4-1
諾貝爾,5,4-1
得主,5,4-1
作家,5,4-1
海明威,5,4-1
觀看,5,4-1
小說,5,4-1
舉世聞名,5,4-1
推廣,5,4-1
遺產,5,4-1
由來已久,5,4-1
過時,5,4-2
不利,5,4-2
刺,5,4-2
觀眾,5,4-2
轉播,5,4-2
幕,5,4-2
血淋淋,5,4-2
畫面,5,4-2
頭,5,4-2
死亡,5,4-2
折磨,5,4-2
賠上,5,4-2
俗話,5,4-2
道理,5,4-2
自私,5,4-2
虐待,5,4-2
開設,5,4-2
課程,5,4-2
教導,5,4-2
享有,5,4-2
不人道,5,4-2
無辜,5,4-2
寶貴,5,4-2
提升,5,4-2
社群,5,4-2
殘忍,5,4-2
刊登,5,4-2
高喊,5,4-2
顯示,5,4-2
高達,5,4-2
僅,5,4-2
無須,5,4-2
巴塞隆納,5,4-2
宣布,5,4-2
娛樂,5,4-2
入場,5,4-2
澈底,5,4-2
代理孕母,5,5-1
案例,5,5-1
名,5,5-1
同志,5,5-1
心願,5,5-1
自願,5,5-1
對,5,5-1
委託,5,5-1
龍鳳胎,5,5-1
遺棄,5,5-1
缺陷,5,5-1
任,5,5-1
丈夫,5,5-1
懷孕,5,5-1
毛遂自薦,5,5-1
日新月異,5,5-1
倫理,5,5-1
整合,5,5-1
合法化,5,5-1
需求,5,5-1
一線希望,5,5-1
惡夢,5,5-1
看似,5,5-1
費盡,5,5-1
千辛萬苦,5,5-1
因素,5,5-1
皆,5,5-1
承受,5,5-1
不得已,5,5-1
代孕,5,5-1
婚外情,5,5-1
破碎,5,5-1
悲劇,5,5-1
雙方,5,5-1
渴望,5,5-1
供需,5,5-1
利人利己,5,5-1
雙贏,5,5-1
反觀,5,5-1
連續,5,5-1
排名,5,5-1
倒數,5,5-1
始終,5,5-1
忽視,5,5-1
夫妻,5,5-1
協助,5,5-1
長輩,5,5-1
忍受,5,5-1
如願,5,5-1
自主權,5,5-1
固然,5,5-2
交易,5,5-2
屬,5,5-2
族群,5,5-2
等於,5,5-2
階級,5,5-2
間接,5,5-2
錯誤,5,5-2
性別,5,5-2
抽菸,5,5-2
胎兒,5,5-2
不良,5,5-2
分離,5,5-2
契約,5,5-2
仲介,5,5-2
角色,5,5-2
涉及,5,5-2
規範,5,5-2
黑白不分,5,5-2
是非不明,5,5-2
紛紛,5,5-2
精子,5,5-2
搞定,5,5-2
獨一無二,5,5-2
總之,5,5-2
死刑,5,6-1
存廢,5,6-1
爭議,5,6-1
僵局,5,6-1
各自,5,6-1
嚇阻,5,6-1
隔離,5,6-1
罪犯,5,6-1
隨機,5,6-1
殺害,5,6-1
黑心,5,6-1
案件,5,6-1
法官,5,6-1
判,5,6-1
有期徒刑,5,6-1
無期徒刑,5,6-1
死者,5,6-1
交代,5,6-1
彌補,5,6-1
家屬,5,6-1
或者,5,6-1
犯人,5,6-1
出獄,5,6-1
把,5,6-1
尺,5,6-1
現行,5,6-1
假釋,5,6-1
永久,5,6-1
害怕,5,6-1
報復,5,6-1
納稅,5,6-1
懲罰,5,6-1
犯罪,5,6-1
罰單,5,6-1
闖紅燈,5,6-1
開,5,6-1
同理,5,6-1
換句話說,5,6-1
維持,5,6-1
相較於,5,6-1
人權,5,6-1
廢除,5,6-1
被害人,5,6-1
孤兒,5,6-1
不然,5,6-1
毀,5,6-1
氣憤,5,6-1
恨,5,6-1
報仇,5,6-1
便宜,5,6-1
置身事外,5,6-1
放下,5,6-1
凶手,5,6-1
感同身受,5,6-1
生前,5,6-1
恐懼,5,6-1
心痛,5,6-1
天平,5,6-1
衡量,5,6-1
坦白,5,6-1
撫慰,5,6-1
剛剛好,5,6-1
無濟於事,5,6-2
致力,5,6-2
推動,5,6-2
漫漫長路,5,6-2
刑罰,5,6-2
顯得,5,6-2
費,5,6-2
心力,5,6-2
冤枉,5,6-2
槍決,5,6-2
犯案,5,6-2
充足,5,6-2
保證,5,6-2
誤判,5,6-2
失誤,5,6-2
無價,5,6-2
賠償,5,6-2
善良,5,6-2
一面,5,6-2
可貴,5,6-2
同情,5,6-2
換不回,5,6-2
和解,5,6-2
認錯,5,6-2
重新,5,6-2
大愛,5,6-2
感受,5,6-2
只是,5,6-2
一命還一命,5,6-2
好受,5,6-2
也就是說,5,6-2
歐盟,5,6-2
潮流,5,6-2
意識到,5,6-2
唯有,5,6-2
身旁,5,6-2
打造,5,6-2
根本,5,6-2
傷腦筋,5,7-1
受益,5,7-1
財富,5,7-1
思考,5,7-1
清晨,5,7-1
同齡,5,7-1
遇上,5,7-1
白工,5,7-1
沖走 ,5,7-1
(一)大半,5,7-1
慘重,5,7-1
值錢,5,7-1
村,5,7-1
可憐,5,7-1
相依為命,5,7-1
一身病痛,5,7-1
懂事,5,7-1
主動,5,7-1
援助,5,7-1
口袋,5,7-1
吃力,5,7-1
家產,5,7-1
一無所有,5,7-1
對於,5,7-1
累積,5,7-1
貧戶,5,7-1
袖手旁觀,5,7-1
調整,5,7-1
創造,5,7-1
津貼,5,7-1
等同,5,7-1
補貼,5,7-1
分子,5,7-1
舉例,5,7-1
工資,5,7-1
完善,5,7-1
出手,5,7-1
大方,5,7-1
在於,5,7-1
進行,5,7-1
共享,5,7-1
倘若,5,7-1
不服,5,7-1
稅收,5,7-1
生存,5,7-1
提心吊膽,5,7-1
警力,5,7-1
治安,5,7-1
哈佛大學,5,7-2
課堂,5,7-2
心臟,5,7-2
肺臟,5,7-2
腎臟,5,7-2
急迫,5,7-2
器官,5,7-2
移植,5,7-2
捐贈,5,7-2
突然,5,7-2
全身,5,7-2
麻醉,5,7-2
抽,5,7-2
迫切,5,7-2
眾人,5,7-2
奪取,5,7-2
堂,5,7-2
奮鬥,5,7-2
犧牲,5,7-2
埋,5,7-2
繳稅單,5,7-2
無所事事,5,7-2
短暫,5,7-2
拼,5,7-2
醒,5,7-2
苦笑,5,7-2
歪理,5,7-2
米蟲,5,7-2
仍舊,5,7-2
劫富濟貧,5,7-2
強制,5,7-2
奪走,5,7-2
被迫,5,7-2
捐款,5,7-2
眼紅,5,7-2
分享,5,7-2
成果,5,7-2
不勞而獲,5,7-2
依靠,5,7-2
拉,5,7-2
貧窮,5,7-2
強盜,5,7-2
打擊,5,7-2
創富,5,7-2
介入,5,7-2
左右為難,5,8-1
難民,5,8-1
男童,5,8-1
溺死,5,8-1
震驚,5,8-1
接連,5,8-1
事件,5,8-1
不滿,5,8-1
分擔,5,8-1
化,5,8-1
轉機,5,8-1
海面,5,8-1
難以數計,5,8-1
屍體,5,8-1
怵目驚心,5,8-1
冒,5,8-1
聯合國,5,8-1
止,5,8-1
庇護,5,8-1
人數,5,8-1
面臨,5,8-1
團結,5,8-1
召開,5,8-1
高峰會,5,8-1
領袖,5,8-1
消除,5,8-1
仇外,5,8-1
前-,5,8-1
歐巴馬,5,8-1
會議,5,8-1
主義,5,8-1
受害者,5,8-1
向來,5,8-1
單一,5,8-1
共同,5,8-1
排外,5,8-1
融入,5,8-1
收容,5,8-1
或許,5,8-1
勞動力,5,8-1
轉化,5,8-1
里約,5,8-1
奧運,5,8-1
首度,5,8-1
代表隊,5,8-1
逃離,5,8-1
戰火,5,8-1
殘障,5,8-1
忘掉,5,8-1
英雄,5,8-1
身分,5,8-1
索馬利亞,5,8-1
之後,5,8-1
參選,5,8-1
膚色,5,8-1
早日,5,8-1
扶持,5,8-1
優先,5,8-2
無力,5,8-2
安置,5,8-2
支出,5,8-2
導致,5,8-2
賦稅,5,8-2
居民,5,8-2
對立,5,8-2
罷了,5,8-2
德國,5,8-2
每況愈下,5,8-2
拖垮,5,8-2
忽略,5,8-2
一一,5,8-2
過濾,5,8-2
有機可乘,5,8-2
接二連三,5,8-2
衝突,5,8-2
升高,5,8-2
在在,5,8-2
設置,5,8-2
難民營,5,8-2
關閉,5,8-2
邊界,5,8-2
通往,5,8-2
交託,5,8-2
人口,5,8-2
販子,5,8-2
助長,5,8-2
支付,5,8-2
總理,5,8-2
梅克爾,5,8-2
承認,5,8-2
低估,5,8-2
和平,5,8-2
對策,5,8-2
販運,5,8-2
首要之務,5,8-2
核電廠,5,9-1
熱烈,5,9-1
乃至,5,9-1
遠處,5,9-1
輻射,5,9-1
外洩,5,9-1
爆炸,5,9-1
危言聳聽,5,9-1
致命,5,9-1
退燒,5,9-1
行之有年,5,9-1
三哩島,5,9-1
烏克蘭,5,9-1
車諾比,5,9-1
福島,5,9-1
核災,5,9-1
核電,5,9-1
列為,5,9-1
等級,5,9-1
位於,5,9-1
海嘯,5,9-1
洪水,5,9-1
數百萬,5,9-1
及時,5,9-1
顆,5,9-1
炸彈,5,9-1
立即,5,9-1
令,5,9-1
擔憂,5,9-1
歐洲癌症護理雜誌,5,9-1
數字,5,9-1
周圍,5,9-1
罹癌,5,9-1
偏,5,9-1
青少年,5,9-1
細胞,5,9-1
製造,5,9-1
廢料,5,9-1
可行,5,9-1
偏遠,5,9-1
任誰,5,9-1
因應,5,9-1
再生能源,5,9-1
妥善,5,9-1
頭痛,5,9-1
無解,5,9-1
難題,5,9-1
正確,5,9-1
環保,5,9-2
聯想,5,9-2
事故,5,9-2
運作,5,9-2
疏失,5,9-2
視為,5,9-2
一概而論,5,9-2
定時,5,9-2
風力,5,9-2
水力,5,9-2
火力,5,9-2
太陽能,5,9-2
相比,5,9-2
機率,5,9-2
雷,5,9-2
碳,5,9-2
排放量,5,9-2
有利,5,9-2
二氧化碳,5,9-2
溫室,5,9-2
效應,5,9-2
河流,5,9-2
魚類,5,9-2
噪音,5,9-2
地熱,5,9-2
成熟,5,9-2
解決之道,5,9-2
收取,5,9-2
高額,5,9-2
惹,5,9-2
民怨,5,9-2
工業,5,9-2
停擺,5,9-2
倒退,5,9-2
效率,5,9-2
供,5,9-2
外商,5,9-2
優良,5,9-2
民生,5,9-2
效益,5,9-2
設備,5,9-2
隱憂,5,9-2
綠色,5,9-2
替代,5,9-2
同性,5,10-1
主播,5,10-1
記者,5,10-1
連線,5,10-1
傳達,5,10-1
陣線,5,10-1
發起,5,10-1
盡快,5,10-1
同性戀,5,10-1
異性戀,5,10-1
相同,5,10-1
相愛,5,10-1
核心,5,10-1
伴侶,5,10-1
無關,5,10-1
打破,5,10-1
平權,5,10-1
藉由,5,10-1
節稅,5,10-1
病危,5,10-1
簽署,5,10-1
文件,5,10-1
彼此,5,10-1
親密,5,10-1
伙伴,5,10-1
陌生,5,10-1
性病,5,10-1
偏見,5,10-1
身上,5,10-1
異性,5,10-1
有情人終成眷屬,5,10-1
末日,5,10-1
擴大,5,10-1
範圍,5,10-1
心聲,5,10-1
法案,5,10-1
鏡頭,5,10-2
聯邦,5,10-2
彩虹,5,10-2
旗,5,10-2
時刻,5,10-2
駐外,5,10-2
歡慶,5,10-2
擠進,5,10-2
生物,5,10-2
本能,5,10-2
繁衍,5,10-2
尋找,5,10-2
交配,5,10-2
法則,5,10-2
定義,5,10-2
互補,5,10-2
組合,5,10-2
全體,5,10-2
詞彙,5,10-2
稱呼,5,10-2
建構,5,10-2
革命,5,10-2
做為,5,10-2
無視,5,10-2
干涉,5,10-2
邏輯,5,10-2
納入,5,10-2
第三者,5,10-2
原則,5,10-2
無異,5,10-2
形式,5,10-2
亂倫,5,10-2
不倫,5,10-2
白宮,5,10-2
巴黎鐵塔,5,10-2
打上,5,10-2
燈光,5,10-2
不容忽視,5,10-2
有賴,5,10-2
各界,5,10-2
對話,5,10-2
激辯,5,10-2
交還,5,10-2
職校,6,1-1
技職,6,1-1
成功之處,6,1-1
高等,6,1-1
緊密,6,1-1
連結,6,1-1
爭相,6,1-1
典範,6,1-1
放眼,6,1-1
出版,6,1-1
總要,6,1-1
嚴陣以待,6,1-1
直言,6,1-1
分析,6,1-1
身為,6,1-1
文憑,6,1-1
一技在身,6,1-1
點出,6,1-1
比比皆是,6,1-1
理論,6,1-1
製造業,6,1-1
上工,6,1-1
關鍵,6,1-1
案,6,1-1
中、小型企業,6,1-1
投入,6,1-1
研發,6,1-1
聘請,6,1-1
高階,6,1-1
人才,6,1-1
升級,6,1-1
瑞士,6,1-1
洛桑管理學院,6,1-1
葛瑞里,6,1-1
奧地利,6,1-1
瑞典,6,1-1
提到,6,1-2
成效,6,1-2
愈,6,1-2
年度,6,1-2
評比,6,1-2
品牌,6,1-2
新興,6,1-2
經濟體,6,1-2
進修,6,1-2
逐年,6,1-2
公投,6,1-2
轉向,6,1-2
自限,6,1-2
當初,6,1-2
迫使,6,1-2
外,6,1-2
高度,6,1-2
仰賴,6,1-2
衰敗,6,1-2
保有,6,1-2
創新,6,1-2
低價,6,1-2
傾銷,6,1-2
消滅,6,1-2
俄國,6,1-2
巴西,6,1-2
非洲,6,1-2
拉丁美洲,6,1-2
遊艇,6,1-3
五金,6,1-3
達人,6,1-3
代言人,6,1-3
稱為,6,1-3
精品,6,1-3
子弟,6,1-3
唯,6,1-3
高工,6,1-3
黑手,6,1-3
起家,6,1-3
奮鬥(史),6,1-3
營業額,6,1-3
教部（＝教育部）,6,1-3
曾信哲,6,1-3
屏東,6,1-3
九如,6,1-3
洞察,6,2-1
鍥而不舍/捨,6,2-1
專精,6,2-1
開創,6,2-1
契機,6,2-1
未必,6,2-1
出發,6,2-1
特殊,6,2-1
群,6,2-1
突發奇想,6,2-1
原理,6,2-1
醫師,6,2-1
配,6,2-1
眼鏡,6,2-1
相對,6,2-1
窮困,6,2-1
任務,6,2-1
估計,6,2-1
發明,6,2-1
自行,6,2-1
度數,6,2-1
副,6,2-1
鏡片,6,2-1
充滿,6,2-1
液體,6,2-1
創見,6,2-1
原始,6,2-1
出自,6,2-1
儀器,6,2-1
製造商,6,2-1
矯正,6,2-1
視力,6,2-1
大放光明,6,2-1
影像,6,2-1
開發中國家,6,2-1
需求量,6,2-1
極,6,2-1
供不應求,6,2-1
貢獻,6,2-1
根源,6,2-1
從而,6,2-1
人群,6,2-1
牛津大學,6,2-1
喬許．席爾佛,6,2-1
場所,6,2-2
照明,6,2-2
習以為常,6,2-2
電力,6,2-2
答案,6,2-2
入夜,6,2-2
村落,6,2-2
貼補家用,6,2-2
煤油燈,6,2-2
有損,6,2-2
孩童,6,2-2
燃燒,6,2-2
呼吸道,6,2-2
單單,6,2-2
病症,6,2-2
室內,6,2-2
照亮,6,2-2
基金會,6,2-2
接,6,2-2
動用,6,2-2
人力,6,2-2
物力,6,2-2
架設,6,2-2
電纜,6,2-2
工程,6,2-2
固態光源（SSL）,6,2-2
簡稱,6,2-2
瓦,6,2-2
日光板,6,2-2
蓄電,6,2-2
電池,6,2-2
發光二極體（LED）,6,2-2
系統,6,2-2
安裝,6,2-2
群眾,6,2-2
剝奪,6,2-2
文盲,6,2-2
爾文．哈樂戴,6,2-2
卡加利大學,6,2-2
尼泊爾,6,2-2
喜馬拉雅山群,6,2-2
前所未有,6,3-1
盡情,6,3-1
揮灑,6,3-1
舞蹈家,6,3-1
描述,6,3-1
舞者,6,3-1
舞台,6,3-1
舞碼,6,3-1
傳人,6,3-1
芭蕾,6,3-1
及格,6,3-1
滿分,6,3-1
眾所皆知,6,3-1
大師,6,3-1
特地,6,3-1
解散,6,3-1
舞團,6,3-1
邀約,6,3-1
培訓,6,3-1
無,6,3-1
傳承,6,3-1
邀請,6,3-1
編舞家,6,3-1
量身打造,6,3-1
舞目,6,3-1
首席,6,3-1
舞星,6,3-1
會,6,3-1
心血,6,3-1
化為,6,3-1
作品,6,3-1
規劃,6,3-1
舞曲,6,3-1
民俗,6,3-1
生平,6,3-1
不得不,6,3-1
硬著頭皮,6,3-1
灑落,6,3-1
剎那,6,3-1
感到,6,3-1
存在感,6,3-1
報考,6,3-1
民族舞,6,3-1
終,6,3-1
上帝,6,3-1
疼愛,6,3-1
生身不息,6,3-1
許芳宜,6,3-1
勞勃．阿特曼,6,3-1
舞動世紀,6,3-1
瑪莎．葛蘭姆,6,3-1
倫敦,6,3-1
阿喀郎．汗,6,3-1
克理斯多福．惠爾敦,6,3-1
紐約市立芭蕾舞團,6,3-1
溫蒂．威倫,6,3-1
華岡藝校,6,3-1
從（來）,6,3-2
不間斷（地）,6,3-2
保送,6,3-2
扇,6,3-2
貴人,6,3-2
一眼,6,3-2
發覺,6,3-2
才華,6,3-2
痛哭流涕,6,3-2
輩子,6,3-2
公開,6,3-2
稱讚,6,3-2
下定決心,6,3-2
海綿,6,3-2
吸收,6,3-2
隻身,6,3-2
術科,6,3-2
跳舞,6,3-2
其餘,6,3-2
學科,6,3-2
憑,6,3-2
毅力,6,3-2
克服,6,3-2
語言翻譯機,6,3-2
種種,6,3-2
瞬間,6,3-2
加諸（在）,6,3-2
沖昏頭,6,3-2
評論,6,3-2
天堂,6,3-2
地獄,6,3-2
戰戰兢兢,6,3-2
當作,6,3-2
肯定,6,3-2
再次,6,3-2
何嘗,6,3-2
不自覺,6,3-2
體內,6,3-2
散,6,3-2
熟悉,6,3-2
臉孔,6,3-2
期待已久,6,3-2
固定,6,3-2
羅斯．帕克斯,6,3-2
葛蘭姆舞團,6,3-2
做人,6,4-1
心法,6,4-1
談論,6,4-1
真誠,6,4-1
讚美,6,4-1
親和力,6,4-1
笑容,6,4-1
此,6,4-1
祕訣,6,4-1
拉近距離,6,4-1
傳授,6,4-1
獨門,6,4-1
人際,6,4-1
銷售,6,4-1
暢銷,6,4-1
謙稱,6,4-1
抱持,6,4-1
哲學,6,4-1
讀者,6,4-1
踏出,6,4-1
悅耳,6,4-1
熱忱,6,4-1
不妨,6,4-1
好比,6,4-1
告別,6,4-1
記住,6,4-1
對方,6,4-1
宴會,6,4-1
自顧自(地),6,4-1
講,6,4-1
整整,6,4-1
插嘴,6,4-1
餘地,6,4-1
以致（於）,6,4-1
同桌 ,6,4-1
罰站,6,4-1
聽教,6,4-1
似地,6,4-1
凝滯,6,4-1
一吐為快,6,4-1
提問,6,4-1
黑幼龍,6,4-1
卡內基,6,4-1
心坎,6,4-2
本質,6,4-2
驅策,6,4-2
深切,6,4-2
真心,6,4-2
可想而知,6,4-2
人緣,6,4-2
命中,6,4-2
成就,6,4-2
真切,6,4-2
性格,6,4-2
愛心,6,4-2
口香糖,6,4-2
力道,6,4-2
發自,6,4-2
企圖,6,4-2
失效,6,4-2
下屬,6,4-2
責任感,6,4-2
隨後,6,4-2
拜託,6,4-2
別有居心,6,4-2
適得其反,6,4-2
小看,6,4-2
威力,6,4-2
予,6,4-2
深刻,6,4-2
互動,6,4-2
定下,6,4-2
贏得,6,4-2
藉著,6,4-2
驅動力,6,4-2
Wēilián Zhānmǔshì,6,4-2
Àisēnháo,6,4-2
機緣,6,4-3
飯店,6,4-3
伸手,6,4-3
名片,6,4-3
正,6,4-3
夢寐以求,6,4-3
直覺(地),6,4-3
淡季,6,4-3
吃了一驚,6,4-3
忠誠,6,4-3
跳槽,6,4-3
等候,6,4-3
開闊,6,5-1
轉動,6,5-1
共通,6,5-1
水果攤,6,5-1
瓜香果豔,6,5-1
常客,6,5-1
秤,6,5-1
手擺腳動,6,5-1
身陷,6,5-1
迷宮,6,5-1
文法,6,5-1
濃重,6,5-1
回覆,6,5-1
焦急,6,5-1
催熟,6,5-1
急忙,6,5-1
臨時,6,5-1
口譯,6,5-1
達成,6,5-1
道謝,6,5-1
面前,6,5-1
紊亂,6,5-1
錯亂,6,5-1
人家,6,5-1
校長,6,5-1
旅途,6,5-1
勞累,6,5-1
傲慢,6,5-1
皺眉,6,5-1
標識,6,5-1
國際觀,6,5-1
接軌,6,5-1
身在,6,5-1
Bólín,6,5-1
Tǔěrqí,6,5-1
眼見,6,5-2
心急,6,5-2
浪潮,6,5-2
拋,6,5-2
淘汰,6,5-2
督促,6,5-2
背,6,5-2
單字,6,5-2
倍增,6,5-2
限於,6,5-2
遼闊,6,5-2
之外,6,5-2
境地,6,5-2
孤立,6,5-2
賽事,6,5-2
島嶼,6,5-2
四處,6,5-2
拼音,6,5-2
錯誤百出,6,5-2
精良,6,5-2
前來,6,5-2
版本,6,5-2
源源不絕,6,5-2
訪客,6,5-2
人文,6,5-2
景觀,6,5-2
底蘊,6,5-2
深厚,6,5-2
步調,6,5-2
家傳,6,5-2
勤讀,6,5-2
書籍,6,5-2
知曉,6,5-2
勤奮,6,5-2
駕馭,6,5-2
重點,6,5-2
磨損,6,5-2
攪碎,6,5-2
翻,6,5-2
字典,6,5-2
腦子,6,5-2
區塊,6,5-2
自大,6,5-2
獨白,6,5-2
上演,6,5-2
戲碼,6,5-2
捷克,6,5-2
貓熊,6,6-1
人見人愛,6,6-1
征服,6,6-1
促進,6,6-1
友好,6,6-1
使者,6,6-1
沾染,6,6-1
色彩,6,6-1
抵制,6,6-1
繁殖,6,6-1
名義,6,6-1
租借,6,6-1
出訪,6,6-1
風雲女性,6,6-1
全程,6,6-1
直播,6,6-1
產下,6,6-1
雙胞胎,6,6-1
睜眼,6,6-1
登上,6,6-1
頭條,6,6-1
數位化,6,6-1
追溯,6,6-1
至,6,6-1
何時何地,6,6-1
女皇,6,6-1
贈送,6,6-1
記載,6,6-1
夫人,6,6-1
表,6,6-1
救濟,6,6-1
謝意,6,6-1
自此,6,6-1
政權,6,6-1
欲,6,6-1
藉此,6,6-1
雙邊,6,6-1
稀有,6,6-1
飼養場,6,6-1
分別,6,6-1
貨幣,6,6-1
設,6,6-1
互,6,6-1
訪問,6,6-1
領取,6,6-1
否決,6,6-1
因而,6,6-1
作罷,6,6-1
甜甜,6,6-1
BBC,6,6-1
美香,6,6-1
圓仔,6,6-1
唐朝/代,6,6-1
武則天,6,6-1
天武天皇,6,6-1
宋美齡,6,6-1
中共,6,6-1
蘇聯,6,6-1
北韓,6,6-1
邁阿密,6,6-1
芝加哥,6,6-1
國務院,6,6-1
出租,6,6-2
吸金,6,6-2
赴,6,6-2
贈與,6,6-2
抵達,6,6-2
冒雨,6,6-2
迎接,6,6-2
首次,6,6-2
見客,6,6-2
達,6,6-2
人次,6,6-2
當局,6,6-2
宣告,6,6-2
期間,6,6-2
為期,6,6-2
巡展,6,6-2
租金,6,6-2
有利可圖,6,6-2
波,6,6-2
拉鋸,6,6-2
可觀,6,6-2
收益,6,6-2
林業,6,6-2
捕捉,6,6-2
野生,6,6-2
呼籲,6,6-2
保育,6,6-2
設立,6,6-2
進展,6,6-2
近親,6,6-2
野外,6,6-2
近年,6,6-2
圈養,6,6-2
野放,6,6-2
就算,6,6-2
尼克森,6,6-2
北京,6,6-2
周恩來,6,6-2
玲玲,6,6-2
興興,6,6-2
華盛頓,6,6-2
港澳,6,6-2
洛杉磯,6,6-2
奧運會,6,6-2
永永,6,6-2
迎新,6,6-2
舊金山,6,6-2
美國聯邦漁業和野生動物管理局,6,6-2
四川臥龍自然保護區,6,6-2
自我,6,7-1
膨脹,6,7-1
面貌,6,7-1
醒悟,6,7-1
體會,6,7-1
苦澀,6,7-1
情敵,6,7-1
我行我素,6,7-1
未婚,6,7-1
立志,6,7-1
志向,6,7-1
減肥,6,7-1
撐,6,7-1
定下來,6,7-1
殘酷,6,7-1
當下,6,7-1
重來,6,7-1
鬼東西,6,7-1
俊男美女,6,7-1
歡喜,6,7-1
悲傷,6,7-1
激發出來,6,7-1
發福,6,7-1
想幹嘛就幹嘛,6,7-1
幹,6,7-1
無趣,6,7-1
斟酌,6,7-1
何時,6,7-1
閃人,6,7-1
尷尬,6,7-1
忠於,6,7-1
萎縮,6,7-1
當頭棒喝 ,6,7-1
自以為是,6,7-1
幹嘛,6,7-1
破綻,6,7-1
德性,6,7-1
勇敢,6,7-1
私生子,6,7-1
縱使,6,7-1
自詡,6,7-1
開明,6,7-1
知識份子,6,7-1
留洋,6,7-1
老夫子,6,7-1
提早,6,7-1
溫和,6,7-1
幹架,6,7-1
逼出,6,7-1
苦,6,7-1
邪惡,6,7-1
發揮,6,7-1
極致,6,7-1
晚婚,6,7-2
直到,6,7-2
心儀,6,7-2
表白,6,7-2
使命,6,7-2
動力,6,7-2
軟弱,6,7-2
共度一生,6,7-2
頂多,6,7-2
半生,6,7-2
加碼,6,7-2
之間,6,7-2
模式,6,7-2
大腦,6,7-2
一片空白,6,7-2
點點滴滴,6,7-2
細膩,6,7-2
細節,6,7-2
神經大條,6,7-2
察言觀色,6,7-2
說理,6,7-2
理性,6,7-2
不由自主,6,7-2
慣性,6,7-2
長篇大論,6,7-2
同理心,6,7-2
即,6,7-2
漫不經心,6,7-2
忘記,6,7-2
不守信用,6,7-2
說話不算話,6,7-2
不幸,6,7-2
拐彎抹角,6,7-2
語病,6,7-2
字面,6,7-2
爭辯不休,6,7-2
背後,6,7-2
微妙,6,7-2
親身,6,7-2
共同點,6,7-2
黑洞,6,8-1
榮耀,6,8-1
國力,6,8-1
債務,6,8-1
謹慎為之,6,8-1
主辦,6,8-1
強心針,6,8-1
國債,6,8-1
歷經,6,8-1
輪,6,8-1
脫穎而出,6,8-1
申奧＝申請奧運,6,8-1
宣傳,6,8-1
盛大,6,8-1
項目,6,8-1
盛會,6,8-1
無不,6,8-1
贊助,6,8-1
宣稱,6,8-1
龐大,6,8-1
蓬勃,6,8-1
絢麗,6,8-1
綻放,6,8-1
歸於,6,8-1
前車之鑑,6,8-1
財務,6,8-1
興建,6,8-1
運動場館,6,8-1
周遭,6,8-1
更新,6,8-1
舉債,6,8-1
籌措,6,8-1
還清,6,8-1
施工,6,8-1
塔柱,6,8-1
花費,6,8-1
預估,6,8-1
一路,6,8-1
人士,6,8-1
足足,6,8-1
參與,6,8-1
有餘,6,8-1
超支,6,8-1
專屬,6,8-1
必,6,8-1
巨額,6,8-1
足以,6,8-1
回本,6,8-1
最終,6,8-1
買單,6,8-1
雅典,6,8-1
奧林匹克運動會,6,8-1
足球賽,6,8-1
蒙特婁,6,8-1
美金,6,8-1
英鎊,6,8-1
虧錢,6,8-2
虧本,6,8-2
收場,6,8-2
冷戰,6,8-2
氛圍,6,8-2
突然之間,6,8-2
燙手山芋,6,8-2
唯二,6,8-2
決選出,6,8-2
意味,6,8-2
接下,6,8-2
為人稱道,6,8-2
經由,6,8-2
招商,6,8-2
盈餘,6,8-2
開幕,6,8-2
閉幕,6,8-2
典禮,6,8-2
損益平衡,6,8-2
支撐,6,8-2
後續,6,8-2
總共,6,8-2
基數,6,8-2
再者,6,8-2
人潮,6,8-2
短期,6,8-2
蚊子館,6,8-2
劑,6,8-2
陷入,6,8-2
景象,6,8-2
四年一度,6,8-2
有/無福消受,6,8-2
巨象,6,8-2
狠狠,6,8-2
奧林匹克委員會,6,8-2
鄉關何處,6,9-1
開啟,6,9-1
浪遊,6,9-1
泰半,6,9-1
遷移,6,9-1
變換,6,9-1
安身,6,9-1
念頭,6,9-1
前提,6,9-1
遠行,6,9-1
山洞,6,9-1
姑媽,6,9-1
自助餐,6,9-1
寄宿生,6,9-1
爛漫,6,9-1
年歲,6,9-1
鄉愁,6,9-1
他鄉,6,9-1
異地,6,9-1
腳步,6,9-1
算計,6,9-1
飄泊,6,9-1
不時,6,9-1
居留,6,9-1
來日,6,9-1
認定,6,9-1
形態,6,9-1
彷彿,6,9-1
旅程,6,9-1
前移,6,9-1
邁進,6,9-1
不巧,6,9-1
派駐,6,9-1
流轉,6,9-1
之類,6,9-1
度假,6,9-1
居所,6,9-1
恆常不變,6,9-1
地址,6,9-1
養老,6,9-1
愕然,6,9-1
驚醒,6,9-1
已然,6,9-1
失根,6,9-1
理所當然,6,9-1
依舊,6,9-1
碧綠,6,9-1
寧靜,6,9-1
住所,6,9-1
落地窗,6,9-1
望見,6,9-1
星空,6,9-1
後院,6,9-1
樹,6,9-1
松鼠,6,9-1
麻雀,6,9-1
嬉戲,6,9-1
具體,6,9-1
基隆,6,9-1
亞力山大,6,9-1
地道,6,9-2
華裔,6,9-2
混血,6,9-2
係,6,9-2
諸多,6,9-2
國度 ,6,9-2
身世,6,9-2
多重,6,9-2
追究,6,9-2
純粹,6,9-2
公民,6,9-2
屬意,6,9-2
景致,6,9-2
門牌 ,6,9-2
心愛,6,9-2
家當,6,9-2
家用,6,9-2
安放,6,9-2
平日,6,9-2
收集,6,9-2
畫作,6,9-2
窗台,6,9-2
盆景,6,9-2
不離不棄,6,9-2
茶壺,6,9-2
熱騰騰,6,9-2
菊花,6,9-2
普洱,6,9-2
呷,6,9-2
安家,6,9-2
比如,6,9-2
氣候宜人,6,9-2
城鎮,6,9-2
所在,6,9-2
體貼,6,9-2
破敗,6,9-2
懶惰,6,9-2
幅,6,9-2
天長地久,6,9-2
羈旅,6,9-2
驛站,6,9-2
行李,6,9-2
洗滌,6,9-2
風塵,6,9-2
歇腳,6,9-2
哥大建築學系,6,9-2
廣東,6,9-2
 普洱,6,9-2
修練,6,10-1
記憶,6,10-1
詮釋,6,10-1
相輔相成,6,10-1
書中自有黃金屋,6,10-1
讀萬卷書、行萬里路,6,10-1
脫逃,6,10-1
實戰,6,10-1
出類拔萃,6,10-1
階段,6,10-1
孰,6,10-1
頗,6,10-1
引人深思,6,10-1
管理學院,6,10-1
院長,6,10-1
猴子,6,10-1
差別,6,10-1
從此,6,10-1
脫鉤,6,10-1
叢林,6,10-1
步入,6,10-1
野獸,6,10-1
聚焦,6,10-1
視野,6,10-1
從容,6,10-1
應對,6,10-1
綜觀,6,10-1
總經理,6,10-1
曲折,6,10-1
缺點,6,10-1
思維,6,10-1
行走,6,10-1
江湖,6,10-1
回頭,6,10-1
實驗,6,10-1
領悟,6,10-1
為人處世,6,10-1
更為,6,10-1
圓融,6,10-1
幽默,6,10-1
思考術,6,10-1
善(於),6,10-1
 台科大,6,10-1
盧希鵬,6,10-1
中經合集團,6,10-1
朱永光,6,10-1
評量,6,10-2
畫上,6,10-2
等號,6,10-2
閱讀,6,10-2
內化,6,10-2
混為一談,6,10-2
出息,6,10-2
識字,6,10-2
先天,6,10-2
辨識,6,10-2
跳行,6,10-2
不損,6,10-2
偉大,6,10-2
神經,6,10-2
不礙,6,10-2
番,6,10-2
開竅,6,10-2
笨,6,10-2
超越,6,10-2
本性,6,10-2
天賦,6,10-2
得以,6,10-2
執政,6,10-2
理念,6,10-2
有所,6,10-2
放諸四海皆準,6,10-2
學術,6,10-2
知其然,6,10-2
知其所以然,6,10-2
國民,6,10-2
區分,6,10-2
廣,6,10-2
見聞,6,10-2
提取,6,10-2
預見,6,10-2
防範,6,10-2
未雨綢繆,6,10-2
促發,6,10-2
凡是,6,10-2
性命交關,6,10-2
模仿,6,10-2
機制,6,10-2
有樣學樣,6,10-2
孟母三遷,6,10-2
內隱,6,10-2
暴露,6,10-2
造影,6,10-2
精進,6,10-2
解開,6,10-2
基因,6,10-2
謎,6,10-2
受虐,6,10-2
調控,6,10-2
憂鬱,6,10-2
掉以輕心,6,10-2
起點,6,10-2
題目,6,10-2
二度空間,6,10-2
區域,6,10-2
促使,6,10-2
連接,6,10-2
動手,6,10-2
人生苦短,6,10-2
攻無不克,6,10-2
事無不成,6,10-2
失讀症,6,10-2
李光耀,6,10-2
妥瑞氏症,6,10-2
鏡像神經元,6,10-2